# This file uses centimeters as units for non-parametric coordinates.

mtllib rice_grains.mtl
g default
v 0.589579 0.856122 -0.231101
v 0.550488 0.840392 -0.332831
v 0.455250 0.957186 -0.305483
v 0.418659 1.029339 -0.236881
v 0.493532 0.806098 -0.421245
v 0.383914 0.976461 -0.348402
v 0.231572 1.146582 -0.257794
v -0.449761 -1.309247 0.272512
v -0.306691 -1.481193 0.239576
v -0.280178 -1.447731 0.311609
v -0.355000 -1.331653 0.359893
v -0.100781 -1.650511 0.206667
v -0.184856 -1.478674 0.342125
v -0.253171 -1.306214 0.443571
v 0.505133 -1.500901 -0.182126
v 0.478014 -1.429047 -0.316957
v 0.536713 -1.373255 -0.323745
v 0.581503 -1.387686 -0.242573
v 0.435593 -1.310777 -0.468677
v 0.548453 -1.295021 -0.395245
v 0.636454 -1.270597 -0.304632
v -0.627127 -0.938388 0.168287
v -0.551596 -1.170931 0.231166
v -0.534065 -1.122417 0.300867
v -0.556932 -0.976881 0.320278
v -0.473715 -1.175921 0.354282
v -0.459189 -0.971994 0.441868
v 0.173512 1.255686 -0.169107
v 0.215481 1.247242 -0.127272
v 0.277420 1.193458 -0.137312
v 0.137687 1.286114 -0.116139
v 0.202055 1.261362 -0.074717
v 0.299417 1.192168 -0.034737
v -0.037263 -1.804674 -0.076424
v 0.064553 -1.796920 -0.150528
v 0.135414 -1.786553 -0.124601
v 0.137064 -1.791343 -0.067389
v 0.143556 -1.699583 -0.253559
v 0.212251 -1.749417 -0.150531
v 0.323033 -1.696299 -0.058189
v 0.204808 -1.610695 0.241791
v 0.365299 -1.521977 0.223826
v 0.372528 -1.451118 0.287234
v 0.280295 -1.469228 0.329172
v 0.533088 -1.370853 0.201156
v 0.447877 -1.338523 0.321297
v 0.340009 -1.305316 0.414914
v 0.090022 1.026323 -0.384759
v 0.050956 1.114787 -0.320681
v 0.093096 1.217281 -0.236860
v -0.042872 0.854599 -0.499900
v -0.017206 1.087819 -0.342499
v 0.005634 1.259766 -0.207175
v 0.040278 -1.337207 0.481092
v -0.025360 -1.519653 0.350561
v 0.050983 -1.579924 0.304844
v 0.120179 -1.510020 0.351932
v 0.069571 -1.672094 0.220948
v -0.414133 0.803422 -0.309293
v -0.284432 0.948160 -0.313936
v -0.278229 0.916513 -0.349024
v -0.351015 0.815073 -0.363441
v -0.144368 1.096794 -0.293953
v -0.213303 0.942253 -0.375631
v -0.289208 0.790541 -0.426519
v 0.659358 -1.326819 -0.047635
v 0.735819 -1.162075 -0.123483
v 0.751312 -1.111002 -0.048474
v 0.720608 -1.169772 0.030971
v 0.772381 -0.946814 -0.218573
v 0.780132 -0.959679 -0.061053
v 0.745955 -0.929557 0.112737
v -0.004964 1.172245 -0.077577
v -0.021963 1.237003 -0.137777
v -0.052638 1.205970 -0.173744
v -0.065044 1.153001 -0.170847
v -0.029818 1.277264 -0.164833
v -0.074812 1.208952 -0.206389
v -0.137204 1.105593 -0.234683
v -0.486121 0.533911 0.102040
v -0.550255 0.553199 0.004257
v -0.585600 0.534756 0.036163
v -0.577611 0.517883 0.089043
v -0.595952 0.583870 -0.074044
v -0.622054 0.541365 0.008682
v -0.634690 0.515570 0.074845
v 0.315957 -1.620875 -0.256227
v 0.265149 -1.504789 -0.389835
v 0.316011 -1.437909 -0.429650
v 0.369458 -1.480728 -0.363192
v 0.199605 -1.331991 -0.528792
v 0.317886 -1.322351 -0.515611
v 0.066158 1.178584 0.158302
v 0.036433 1.170364 0.050460
v 0.021256 1.103370 0.053668
v 0.028311 1.072548 0.124363
v -0.008374 1.061051 -0.006387
v -0.031029 0.943653 0.076161
v -0.412387 0.571816 0.448081
v -0.393498 0.568177 0.406142
v -0.438882 0.546025 0.391491
v -0.462146 0.544496 0.418420
v -0.354366 0.573764 0.313596
v -0.447628 0.535705 0.338775
v -0.514904 0.519496 0.360114
v -0.369700 0.854639 -0.272677
v -0.414918 0.747026 -0.213236
v -0.363757 0.778160 -0.213336
v -0.319063 0.853265 -0.242332
v -0.432911 0.661570 -0.127264
v -0.341653 0.748620 -0.168605
v -0.258093 0.849049 -0.194881
v 0.612690 0.858103 -0.018423
v 0.692236 0.690193 0.041915
v 0.725795 0.636712 -0.017883
v 0.710115 0.691984 -0.081686
v 0.712738 0.476178 0.137021
v 0.756740 0.486703 0.000914
v 0.765148 0.475933 -0.120055
v 0.616280 -0.242232 0.379649
v 0.689071 -0.625266 0.268784
v 0.735631 -0.487343 0.215038
v 0.725990 -0.233010 0.236669
v 0.784176 -0.540771 0.116169
v 0.796988 -0.166390 0.093934
v -0.528923 0.477966 -0.316941
v -0.406918 0.662799 -0.389789
v -0.369916 0.614321 -0.440069
v -0.404316 0.472526 -0.442502
v -0.284258 0.667437 -0.487137
v -0.256763 0.468755 -0.546052
v -0.013013 -0.251361 0.650843
v 0.093111 -0.642775 0.628526
v 0.172194 -0.513726 0.624457
v 0.161722 -0.248836 0.632621
v 0.199653 -0.973120 0.572349
v 0.265683 -0.640279 0.587460
v 0.329782 -0.246396 0.575837
v 0.081156 0.142942 0.628288
v -0.008029 0.268192 0.623825
v -0.105675 0.138320 0.631823
v 0.182710 0.476289 0.571696
v 0.004090 0.481566 0.596141
v -0.173430 0.488253 0.588672
v 0.540026 0.809173 0.222653
v 0.543101 0.677048 0.311932
v 0.611225 0.626814 0.253944
v 0.640941 0.679879 0.176539
v 0.502365 0.473309 0.409122
v 0.625143 0.483203 0.278717
v -0.385473 -0.213619 0.568832
v -0.428841 -0.641724 0.520770
v -0.347997 -0.769018 0.550468
v -0.277075 -0.639646 0.592275
v -0.323983 -0.980591 0.528666
v -0.161218 -0.969869 0.585629
v -0.639180 0.494307 -0.083967
v -0.596834 0.592546 -0.158663
v -0.584409 0.570037 -0.203788
v -0.604882 0.463363 -0.193818
v -0.553074 0.653858 -0.213946
v -0.548298 0.608616 -0.254598
v -0.525440 0.609623 -0.094180
v -0.530796 0.637201 -0.138768
v -0.560395 0.637917 -0.149030
v -0.491127 0.674718 -0.174064
v -0.514083 0.696983 -0.210211
v 0.447498 -1.543123 0.070775
v 0.368626 -1.614339 0.087926
v 0.264010 -1.717475 0.033970
v 0.369181 -1.583187 0.145364
v 0.190896 -1.733463 0.100573
v 0.168007 -0.249807 -0.695451
v 0.308836 0.140378 -0.658771
v 0.383173 0.014580 -0.651613
v 0.352864 -0.246268 -0.669293
v 0.431535 0.468997 -0.585215
v 0.485113 0.141379 -0.602456
v 0.527038 -0.244662 -0.601387
v 0.694349 0.436881 -0.372872
v 0.601725 0.669998 -0.407260
v 0.616860 0.730661 -0.351319
v 0.665430 0.680393 -0.304971
v -0.078429 -1.770634 -0.139313
v 0.014353 -1.795023 -0.165738
v -0.090538 -1.682269 -0.218905
v 0.035649 -1.732428 -0.229708
v 0.263035 0.683731 0.501054
v 0.194587 0.728429 0.512591
v 0.120764 0.673777 0.546241
v 0.295774 0.849660 0.404692
v 0.183526 0.812988 0.475544
v 0.071217 0.784399 0.511336
v 0.430008 -0.634000 0.509966
v 0.494224 -0.504816 0.481809
v 0.480419 -0.244207 0.496771
v 0.522926 -0.962850 0.408209
v 0.572923 -0.630525 0.408913
v -0.486796 -1.346849 0.068800
v -0.305308 -1.533731 0.135483
v -0.367789 -1.456448 0.179769
v -0.478803 -1.335198 0.174644
v 0.076817 0.891248 0.448505
v 0.015432 0.876433 0.465694
v -0.016826 0.806379 0.507555
v 0.055146 0.975735 0.384298
v -0.016744 0.896024 0.450231
v -0.087735 0.802811 0.505600
v 0.031094 1.049612 0.193349
v 0.051562 1.098806 0.233142
v 0.000846 0.971516 0.204443
v 0.017958 1.002909 0.305671
v 0.083369 -1.801079 0.011252
v 0.015202 -1.807515 0.022222
v -0.095178 -1.779958 -0.019425
v 0.031888 -1.785022 0.068541
v -0.140628 -1.728694 0.032845
v -0.147362 0.675865 -0.551979
v -0.205138 0.722536 -0.513791
v -0.178567 0.820417 -0.477240
v 0.624959 0.135688 -0.503074
v 0.569134 0.265284 -0.535574
v 0.575497 0.474203 -0.494534
v -0.588520 -0.973593 -0.161970
v -0.573699 -1.178330 -0.031811
v -0.599322 -1.122337 0.027902
v -0.626860 -0.977142 -0.002833
v -0.581243 -1.172437 0.110122
v -0.361825 -1.174632 0.454779
v -0.303359 -1.123296 0.507816
v -0.216467 -1.172739 0.525897
v 0.662917 -1.177816 0.170414
v 0.632738 -1.122420 0.249852
v 0.564280 -1.179514 0.307068
v 0.646096 -0.968983 0.275894
v 0.420129 -0.632491 -0.637096
v 0.335333 -0.507074 -0.670363
v 0.318371 -0.962518 -0.631628
v 0.236089 -0.636613 -0.678047
v -0.430771 -1.380586 -0.149632
v -0.453254 -1.182898 -0.294779
v -0.403335 -1.233866 -0.331930
v -0.369073 -1.349497 -0.279248
v -0.387041 -0.973502 -0.439536
v -0.342947 -1.179295 -0.419068
v -0.271088 -1.319541 -0.395456
v 0.291800 1.132797 0.142503
v 0.451726 1.021852 0.061889
v 0.399521 1.091941 0.028515
v 0.292766 1.182905 0.054870
v 0.461194 1.040180 -0.031282
v 0.676692 0.146035 0.270612
v 0.726845 0.022061 0.215865
v 0.765979 0.152930 0.119418
v 0.418717 0.143818 0.510052
v 0.486661 0.016636 0.481844
v 0.561720 0.144408 0.409018
v 0.449069 1.041400 -0.130820
v 0.377655 1.098581 -0.164632
v -0.055023 0.867390 0.294031
v -0.071035 0.852391 0.359388
v -0.039251 0.909753 0.387932
v -0.145843 0.737523 0.273933
v -0.122120 0.785537 0.382659
v -0.108608 0.825338 0.458249
v 0.061487 1.266397 0.048581
v 0.041715 1.283730 -0.014808
v 0.031615 1.255604 -0.028895
v 0.038019 1.230617 0.003971
v 0.022459 1.293331 -0.068209
v 0.013371 1.253274 -0.074961
v -0.671908 -0.218675 -0.126847
v -0.670236 -0.638100 0.012682
v -0.686654 -0.509222 0.072735
v -0.697743 -0.261370 0.042046
v -0.674372 -0.564484 0.172636
v -0.690954 -0.206684 0.175762
v 0.069752 -1.542231 -0.385048
v 0.112062 -1.464029 -0.446799
v 0.174597 -1.524013 -0.398621
v -0.020096 -1.382020 -0.482008
v 0.081929 -1.340089 -0.527445
v 0.614235 -0.955605 -0.483244
v 0.634379 -1.153964 -0.399995
v 0.570538 -1.207785 -0.440597
v 0.522142 -1.161316 -0.499437
v -0.592758 -0.266930 0.393207
v -0.618267 -0.640814 0.303007
v -0.574322 -0.768339 0.351594
v -0.536403 -0.645257 0.427096
v 0.785135 0.137886 -0.261784
v 0.784619 0.002163 -0.308513
v 0.738393 0.054427 -0.388353
v 0.829552 -0.239335 -0.149078
v 0.807092 -0.247125 -0.278845
v 0.752944 -0.313727 -0.391215
v 0.384455 -1.164536 -0.570262
v 0.461282 -1.112379 -0.553315
v 0.476390 -0.968839 -0.574355
v -0.051405 -1.007719 -0.612896
v 0.050621 -0.645944 -0.674445
v 0.138396 -0.768752 -0.670463
v 0.140329 -0.982054 -0.643140
v -0.300850 -1.580333 -0.043221
v -0.219990 -1.674513 -0.058265
v -0.238726 -1.643757 -0.100643
v -0.641202 0.336824 0.254535
v -0.626230 0.091734 0.325920
v -0.602226 0.215869 0.352788
v -0.604627 0.387672 0.319465
v -0.570604 0.103748 0.408007
v -0.553729 0.389170 0.390078
v 0.698848 0.689211 -0.192989
v 0.707625 0.629554 -0.250368
v 0.746279 0.478450 -0.241756
v -0.287795 -0.644171 -0.555924
v -0.215774 -0.773973 -0.581598
v -0.234610 -0.988186 -0.540477
v -0.174696 -0.253695 -0.631933
v -0.122438 -0.648392 -0.634030
v 0.064332 -1.741002 0.143115
v 0.009404 -1.764452 0.109037
v -0.106274 -1.722763 0.107354
v 0.285775 -1.174876 0.501313
v 0.202890 -1.228363 0.511896
v 0.198532 -1.330599 0.459280
v 0.119596 -1.178259 0.546897
v 0.816566 -0.620769 -0.176535
v 0.810728 -0.497319 -0.256658
v 0.779934 -0.627049 -0.313234
v -0.545738 -0.646203 -0.316490
v -0.497223 -0.772294 -0.364765
v -0.504081 -0.983576 -0.308434
v -0.469072 -0.257443 -0.444205
v -0.431230 -0.644752 -0.455382
v 0.812270 -0.621884 -0.024863
v 0.816462 -0.485986 0.024586
v 0.828296 -0.231818 -0.018869
v -0.370409 0.135612 -0.513056
v -0.308192 0.009492 -0.564958
v -0.330876 -0.254480 -0.555839
v -0.216337 0.138573 -0.601886
v 0.130745 1.284711 -0.027868
v 0.174171 1.270353 -0.021239
v 0.113988 1.267976 0.079875
v 0.192370 1.254568 0.030978
v -0.351943 0.598778 0.432667
v -0.307955 0.619266 0.405814
v -0.356008 0.609142 0.468609
v -0.275609 0.665486 0.474697
v -0.283397 0.141247 0.595562
v -0.339726 0.278035 0.562288
v -0.406142 0.220981 0.532430
v -0.312246 0.473415 0.550294
v -0.407313 0.518630 0.492727
v -0.261006 0.941970 -0.254165
v -0.249672 0.991141 -0.268933
v -0.204195 0.974639 -0.230927
v -0.137204 1.105593 -0.234683
v 0.196910 -1.443860 0.383985
v 0.698247 -0.632441 -0.445079
v 0.649964 -0.504406 -0.509724
v 0.661927 -0.250844 -0.501673
v 0.576769 -0.630013 -0.558244
v 0.088163 -1.179626 -0.598317
v 0.157126 -1.123198 -0.617965
v 0.247975 -1.169319 -0.600718
v -0.671748 0.385702 0.088548
v -0.690748 0.100001 0.120948
v -0.678010 0.210656 0.174690
v -0.661805 0.384775 0.176297
v -0.671540 0.091139 0.225481
v -0.210031 0.693401 0.388274
v -0.172376 0.738742 0.417223
v -0.190230 0.740233 0.473044
v -0.244637 0.695690 0.014175
v -0.300650 0.613767 0.168845
v -0.245301 0.646564 0.200084
v -0.188194 0.703619 0.146998
v -0.249321 0.641306 0.289103
v -0.035147 0.670238 0.558074
v -0.065426 0.723045 0.542176
v -0.130808 0.688742 0.549503
v -0.166570 0.736941 0.525368
v -0.178805 0.679833 0.547060
v -0.236884 0.680439 0.527888
v -0.229165 0.618388 0.554508
v 0.117478 1.159679 0.224867
v 0.097946 1.068793 0.305297
v 0.156907 1.016529 0.333565
v 0.199489 1.034796 0.304642
v 0.166590 0.938436 0.391695
v -0.043546 0.137032 -0.657385
v 0.024074 0.009684 -0.681917
v -0.008637 -0.252827 -0.682784
v 0.087838 0.466711 -0.644944
v 0.129884 0.138003 -0.681835
v -0.586915 0.506316 0.137971
v -0.560621 0.506116 0.176242
v -0.625336 0.501058 0.145908
v -0.611875 0.493728 0.223735
v -0.256738 -1.571573 -0.175356
v -0.200373 -1.669158 -0.131977
v -0.101419 0.998434 -0.392019
v -0.061796 1.093436 -0.334699
v -0.060976 1.191299 -0.258444
v -0.504533 0.517172 0.243955
v -0.457483 0.528774 0.266173
v -0.413046 0.546943 0.207527
v -0.344464 0.664882 -0.064878
v -0.386787 0.612711 -0.012319
v -0.367622 0.596662 0.058221
v -0.453962 0.590403 -0.022795
v -0.311367 0.723312 -0.116590
v -0.251706 0.769592 -0.112220
v -0.613455 0.133075 -0.240946
v -0.632401 0.269698 -0.181196
v -0.660852 0.213648 -0.112726
v -0.191910 -1.184521 -0.512432
v -0.133619 -1.240274 -0.521079
v -0.146776 -1.349975 -0.454108
v -0.045516 -1.216486 -0.563964
v -0.495801 0.716185 -0.269017
v -0.507286 0.670087 -0.284174
v -0.472362 0.680714 -0.319056
v -0.488586 0.118370 0.483492
v -0.463105 0.260774 0.489862
v -0.487860 0.435034 0.448211
v 0.148825 0.883816 0.439505
v 0.001899 1.295192 -0.112497
v -0.001904 1.264469 -0.110908
v -0.315360 0.611241 0.520663
v -0.289545 0.579816 0.542768
v 0.349390 0.672367 -0.571131
v 0.411231 0.724946 -0.526775
v 0.488067 0.672045 -0.504835
v 0.254047 0.803777 -0.533241
v 0.377950 0.827391 -0.479869
v -0.113144 0.956170 -0.122854
v -0.119047 1.040877 -0.187999
v -0.163889 0.979615 -0.201499
v -0.180363 0.903588 -0.166289
v -0.137204 1.105593 -0.234683
v -0.204195 0.974639 -0.230927
v 0.433411 -1.605448 -0.109400
v 0.509588 -1.527968 -0.080879
v 0.511252 -1.513911 -0.031140
v 0.581498 -1.441723 -0.112368
v -0.164169 0.831090 -0.069239
v -0.118305 0.857100 -0.023911
v -0.070986 0.942443 -0.037740
v -0.125219 0.811507 0.040105
v 0.332862 0.941897 -0.411777
v 0.237613 0.973496 -0.415212
v -0.159449 0.923503 -0.420770
v -0.685807 0.113033 -0.012646
v -0.673154 0.255717 -0.044846
v -0.663722 0.429352 -0.000841
v 0.619091 -1.379991 -0.170869
v 0.667485 -1.301327 -0.178781
v 0.257694 -1.722412 -0.176536
v 0.316012 -1.696288 -0.152074
v 0.238686 -1.675994 -0.248909
v -0.056050 -1.175770 0.555438
v 0.028279 -1.125839 0.571853
v 0.020032 -0.981897 0.597365
v -0.203724 -0.251124 0.630053
v -0.194291 -0.513637 0.625349
v -0.091844 -0.641360 0.632049
v 0.442243 -1.171654 0.418340
v 0.494775 -1.229908 0.353386
v -0.056091 1.061523 -0.112106
v -0.077906 1.090695 -0.162331
v -0.065044 1.153001 -0.170847
v -0.045607 -1.557540 -0.349211
v 0.027930 -1.622580 -0.319511
v 0.382303 -1.645651 -0.145856
v 0.406728 -1.585895 -0.206324
v 0.184295 1.230482 0.111216
v 0.156965 1.220978 0.146536
v 0.189457 1.166496 0.189166
v 0.115697 1.230383 0.151990
v 0.080181 1.292176 -0.161796
v 0.117035 1.267443 -0.187296
v 0.024501 1.311125 -0.136634
v 0.060664 1.307767 -0.134060
v 0.045253 1.315160 -0.072365
v 0.085023 1.305882 -0.096175
v -0.129760 0.775273 0.112884
v -0.081373 0.828797 0.166945
v 0.018394 0.674658 -0.595037
v 0.102808 0.724475 -0.586918
v 0.184586 0.670887 -0.603379
v 0.112350 0.830920 -0.529930
v 0.802112 0.152665 -0.013794
v 0.820664 0.022338 -0.057734
v 0.809148 0.145385 -0.138268
v -0.263107 0.989050 -0.287914
v -0.217499 1.041388 -0.276349
v -0.142710 1.127662 -0.260852
v -0.369700 0.854639 -0.272677
v -0.249672 0.991141 -0.268933
v -0.137204 1.105593 -0.234683
v 0.006432 1.312640 -0.122708
v 0.012534 1.312471 -0.103598
v 0.030600 1.312432 -0.067547
v -0.029818 1.277264 -0.164833
v 0.001899 1.295192 -0.112497
v 0.022459 1.293331 -0.068209
v -0.073463 1.222120 -0.223747
v -0.092781 1.195445 -0.233148
v -0.074812 1.208952 -0.206389
v -0.595952 0.583870 -0.074044
v -0.586773 0.622384 -0.147758
v -0.606279 0.596885 -0.125436
v -0.627331 0.564828 -0.072859
v -0.648522 0.524827 0.007176
v -0.638842 0.544171 -0.018176
v -0.634690 0.515570 0.074845
v -0.622054 0.541365 0.008682
v -0.611875 0.493728 0.223735
v -0.648807 0.480805 0.160918
v -0.647846 0.466202 0.189593
v -0.630582 0.468350 0.238274
v -0.178900 0.752338 0.507064
v -0.209821 0.726270 0.504290
v -0.260721 0.679650 0.511405
v -0.108608 0.825338 0.458249
v -0.190230 0.740233 0.473044
v -0.275609 0.665486 0.474697
v -0.591897 0.481989 0.308621
v -0.572703 0.496162 0.329160
v -0.567700 0.502918 0.290218
v -0.543597 0.497399 0.376986
v -0.514904 0.519496 0.360114
v -0.474741 0.753052 -0.263164
v -0.448982 0.782519 -0.272541
v -0.392612 0.845546 -0.293578
v -0.514083 0.696983 -0.210211
v -0.458983 0.757240 -0.246669
v -0.481470 0.530366 0.431969
v -0.459871 0.546870 0.443654
v -0.462146 0.544496 0.418420
v -0.419035 0.567247 0.470255
v -0.412387 0.571816 0.448081
v 0.057259 1.297846 0.002007
v 0.071595 1.291347 0.031119
v 0.079520 1.297652 0.000254
v 0.061487 1.266397 0.048581
v 0.080565 1.271758 0.078762
v 0.067078 1.106795 0.269677
v 0.064150 1.073082 0.303040
v 0.017958 1.002909 0.305671
v 0.033483 1.012145 0.347874
v -0.344396 0.615223 0.496805
v -0.311843 0.636437 0.510177
v 0.088100 1.237146 0.139201
v 0.094089 1.225011 0.162503
v 0.066158 1.178584 0.158302
v 0.085287 1.188194 0.198525
v -0.027367 0.918662 0.423269
v -0.047891 0.886819 0.452661
v -0.098912 0.829158 0.485868
v 0.299696 1.011287 0.270691
v 0.227878 1.076136 0.256568
v 0.420144 -1.504920 -0.292836
v -0.550653 -1.225507 0.173053
v 0.214453 -1.683658 0.166780
v 0.326759 -1.599079 0.177361
v 0.141657 0.949151 -0.445776
v -0.115087 -1.331843 0.474121
v -0.105013 -1.451819 0.392704
v 0.711354 -1.208834 -0.191433
v 0.710283 -1.151027 -0.269140
v -0.513108 0.580392 -0.037830
v 0.226042 -1.579010 -0.343408
v 0.068415 1.232175 0.104396
v 0.049211 1.214248 0.055969
v -0.458983 0.757240 -0.246669
v -0.458808 0.723167 -0.212949
v 0.587455 0.842752 0.102332
v 0.651683 0.738746 0.103542
v 0.641352 -0.755814 0.320094
v -0.418081 0.717206 -0.358056
v 0.008743 -0.769787 0.624396
v 0.164465 0.016246 0.624424
v 0.254529 0.145473 0.587428
v 0.431886 0.835125 0.319569
v 0.469734 0.731732 0.356648
v 0.413682 0.682510 0.419599
v -0.506231 -0.259851 0.490154
v -0.494222 -0.518239 0.487741
v 0.528271 -1.471217 0.041257
v 0.615494 -1.347240 0.078507
v 0.238329 0.266174 -0.662523
v 0.266455 0.477657 -0.632822
v 0.563607 0.619134 -0.468695
v 0.350226 0.485860 0.504308
v 0.345567 0.631807 0.478013
v 0.359370 -0.764833 0.536726
v 0.371723 -0.977512 0.504034
v -0.313329 -1.562534 0.047423
v -0.240095 -1.620736 0.097447
v 0.157468 -1.782786 -0.007947
v -0.072388 0.623451 -0.590954
v -0.088119 0.478559 -0.611134
v 0.678809 0.000418 -0.469456
v -0.538938 -1.183071 -0.159049
v -0.547401 -1.233747 -0.075893
v -0.483994 -1.352333 -0.039834
v -0.405836 -1.228353 0.395382
v 0.677334 -1.231877 0.097729
v 0.494391 -0.757865 -0.595151
v -0.506182 -1.129256 -0.253215
v 0.429558 0.971114 0.186264
v 0.493936 0.952397 0.111870
v 0.626215 0.271915 0.320941
v 0.344314 0.272693 0.536787
v 0.516815 0.981042 -0.098715
v 0.616438 0.859279 -0.128464
v -0.040801 0.887696 0.221924
v -0.636561 -0.643181 -0.155101
v -0.651216 -0.768045 -0.047304
v 0.713368 -0.958940 -0.359353
v 0.691210 -1.101662 -0.345841
v -0.655962 -0.266191 0.286781
v -0.654239 -0.510304 0.260826
v 0.784378 0.267982 -0.216552
v 0.318424 -1.217712 -0.573332
v -0.030457 -0.517813 -0.671294
v -0.376448 -1.495852 -0.011223
v -0.654254 -0.026220 0.285179
v 0.685011 0.746908 -0.139356
v -0.353549 -0.516805 -0.529917
v 0.113176 -1.718685 0.169488
v 0.372265 -1.121910 0.477447
v -0.595554 -0.519067 -0.262706
v -0.587047 -0.257418 -0.298799
v 0.807771 -0.748140 -0.085901
v -0.509126 0.129493 -0.388599
v -0.431790 0.259536 -0.451698
v 0.097420 1.298345 -0.042240
v -0.203512 0.008914 0.625457
v 0.736355 -0.751424 -0.373737
v 0.040362 -1.235492 -0.576617
v -0.696586 -0.017495 0.045176
v -0.255229 0.647415 0.365205
v -0.359388 0.581296 0.143032
v 0.026925 0.622419 0.569803
v -0.115050 0.265881 -0.628053
v -0.284312 -1.485242 -0.241896
v -0.197167 -1.512628 -0.299165
v -0.546542 0.507386 0.235036
v -0.567700 0.502918 0.290218
v -0.576192 0.000958 -0.314270
v -0.260052 -1.130679 -0.495003
v -0.523397 -0.010729 0.466905
v 0.272898 0.621246 -0.606848
v -0.198464 0.828916 -0.118018
v -0.130630 -1.225842 0.528972
v -0.040535 1.022728 -0.055640
v -0.129821 -1.482540 -0.369964
v 0.215294 1.233973 0.070915
v 0.781989 0.275851 0.031632
v -0.313342 0.932611 -0.298743
v 0.000660 1.310482 -0.143781
v -0.023150 1.288407 -0.177670
v -0.052574 1.247051 -0.213890
v -0.560395 0.637917 -0.149030
v -0.567033 0.646164 -0.169972
v -0.537021 0.682529 -0.213336
v -0.658044 0.501490 0.033837
v -0.657412 0.494318 0.086614
v -0.625336 0.501058 0.145908
v -0.648576 0.494127 0.134905
v -0.149347 0.775663 0.508406
v -0.610030 0.467029 0.287918
v -0.501336 0.722953 -0.250838
v -0.507137 0.506053 0.418678
v 0.044783 1.302424 -0.023981
v 0.041715 1.283730 -0.014808
v 0.069632 1.137751 0.238872
v 0.051562 1.098806 0.233142
v -0.356008 0.609142 0.468609
v -0.373371 0.599546 0.484513
v 0.081400 1.248802 0.116735
v 0.068415 1.232175 0.104396
v -0.008563 0.950891 0.391612
v -0.039251 0.909753 0.387932
v 0.384715 0.945914 0.264656
vt 0.165257 0.190828
vt 0.178964 0.140138
vt 0.194158 0.150713
vt 0.166296 0.128241
vt 0.187977 0.109987
vt 0.198389 0.182437
vt 0.152578 0.139809
vt 0.205801 0.139050
vt 0.224893 0.183503
vt 0.205215 0.227896
vt 0.134656 0.150730
vt 0.143571 0.101790
vt 0.166643 0.104330
vt 0.214760 0.127621
vt 0.194624 0.255694
vt 0.127956 0.182380
vt 0.167760 0.077900
vt 0.207024 0.105103
vt 0.221673 0.254726
vt 0.214286 0.337195
vt 0.185429 0.284143
vt 0.118262 0.227960
vt 0.093267 0.183154
vt 0.121639 0.138525
vt 0.180797 0.072506
vt 0.196499 0.079800
vt 0.227708 0.139331
vt 0.234893 0.282414
vt 0.166205 0.272333
vt 0.131338 0.256286
vt 0.112030 0.126445
vt 0.158107 0.061053
vt 0.173623 0.035597
vt 0.239269 0.150521
vt 0.242093 0.255496
vt 0.191087 0.337356
vt 0.166887 0.350328
vt 0.144428 0.284379
vt 0.100923 0.347714
vt 0.094764 0.255178
vt 0.119890 0.100595
vt 0.149815 0.042088
vt 0.243814 0.181629
vt 0.248566 0.227748
vt 0.252569 0.348816
vt 0.235419 0.338738
vt 0.190738 0.389666
vt 0.071308 0.282233
vt 0.093903 0.137491
vt 0.095956 0.094436
vt 0.126127 0.069310
vt 0.138911 0.054775
vt 0.230351 0.393043
vt 0.199619 0.415378
vt 0.137739 0.338407
vt 0.059584 0.254520
vt 0.073377 0.149222
vt 0.135733 0.018554
vt 0.151975 0.019847
vt 0.217512 0.417997
vt 0.205475 0.442437
vt 0.184058 0.468803
vt 0.177725 0.415248
vt 0.138421 0.391568
vt 0.063440 0.339268
vt 0.031744 0.339263
vt 0.049061 0.227034
vt 0.061340 0.180978
vt 0.119152 0.050895
vt 0.233967 0.421184
vt 0.213604 0.480214
vt 0.166653 0.441301
vt 0.154938 0.417180
vt 0.125817 0.420021
vt 0.060068 0.395590
vt 0.032762 0.183174
vt 0.064316 0.137529
vt 0.115873 0.030365
vt 0.235355 0.452226
vt 0.198211 0.479887
vt 0.147875 0.479458
vt 0.118798 0.451123
vt 0.076051 0.424389
vt 0.029308 0.254836
vt 0.056218 0.126419
vt 0.106635 0.037069
vt 0.244634 0.443551
vt 0.191335 0.497186
vt 0.167003 0.479256
vt 0.104001 0.441953
vt 0.089076 0.454171
vt 0.059486 0.499570
vt 0.043865 0.423609
vt 0.013060 0.282726
vt 0.067702 0.101213
vt 0.099805 0.031532
vt 0.111914 0.001992
vt 0.124339 0.007380
vt 0.235980 0.508434
vt 0.226276 0.490212
vt 0.180513 0.497474
vt 0.169902 0.497006
vt 0.128390 0.488973
vt 0.110270 0.503132
vt 0.030111 0.451956
vt 0.007410 0.339909
vt 0.037224 0.138314
vt 0.042371 0.107743
vt 0.075844 0.071623
vt 0.090349 0.052804
vt 0.219838 0.505693
vt 0.195848 0.500447
vt 0.177344 0.503006
vt 0.135949 0.504698
vt 0.086324 0.496387
vt 0.016736 0.424942
vt 0.005422 0.397450
vt 0.007391 0.254963
vt 0.020671 0.148912
vt 0.080856 0.028674
vt 0.098206 0.009412
vt 0.210750 0.503806
vt 0.200325 0.503536
vt 0.163651 0.500189
vt 0.147454 0.503135
vt 0.084151 0.519640
vt 0.032115 0.498384
vt 0.009543 0.497562
vt 0.001795 0.226668
vt 0.010758 0.179973
vt 0.063360 0.065653
vt 0.222736 0.510992
vt 0.157981 0.503093
vt 0.144888 0.507767
vt 0.130138 0.509785
vt 0.073075 0.528050
vt 0.032646 0.529293
vt 0.225283 0.514590
vt 0.207072 0.508623
vt 0.124611 0.514002
vt 0.093988 0.524546
vt 0.081937 0.537912
vt 0.066628 0.541449
vt 0.043606 0.539860
vt 0.231081 0.519032
vt 0.112691 0.518505
vt 0.101231 0.525492
vt 0.059024 0.543766
vt 0.050523 0.551720
vt 0.035599 0.567706
vt 0.022386 0.540872
vt 0.112433 0.522655
vt 0.069932 0.551498
vt 0.061153 0.570514
vt 0.096365 0.531051
vt 0.073895 0.552973
vt 0.049349 0.573054
vt 0.016576 0.552882
vt 0.091522 0.536234
vt 0.082070 0.544161
vt 0.052492 0.595166
vt 0.082751 0.547312
vt 0.071208 0.559534
vt 0.069164 0.565957
vt 0.060141 0.602064
vt 0.064578 0.579696
vt 0.063452 0.598675
vt 0.064497 0.634464
vt 0.069134 0.581678
vt 0.074804 0.560447
vt 0.065813 0.610978
vt 0.068334 0.622387
vt 0.071712 0.641193
vt 0.069950 0.611434
vt 0.077416 0.636382
vt 0.077751 0.655969
vt 0.079800 0.661783
vt 0.083584 0.658913
vt 0.092643 0.673804
vt 0.081949 0.667218
vt 0.089844 0.676233
vt 0.097231 0.681045
vt 0.101825 0.681515
vt 0.105991 0.681478
vt 0.104051 0.677712
vt 0.113705 0.677306
vt 0.113849 0.681470
vt 0.123346 0.679288
vt 0.125345 0.675213
vt 0.139163 0.671435
vt 0.129011 0.678290
vt 0.135357 0.676874
vt 0.145742 0.672604
vt 0.154020 0.667600
vt 0.151330 0.663975
vt 0.163081 0.652293
vt 0.158917 0.665059
vt 0.163996 0.662413
vt 0.171849 0.654388
vt 0.180644 0.643392
vt 0.179394 0.634903
vt 0.195205 0.613999
vt 0.187359 0.636644
vt 0.194631 0.629295
vt 0.204404 0.616012
vt 0.213938 0.602660
vt 0.213136 0.593692
vt 0.228464 0.575291
vt 0.220839 0.595635
vt 0.227246 0.588693
vt 0.234485 0.576124
vt 0.239398 0.564463
vt 0.239105 0.559379
vt 0.238500 0.553696
vt 0.231689 0.556740
vt 0.243644 0.543706
vt 0.232050 0.540446
vt 0.240051 0.543534
vt 0.239784 0.534114
vt 0.236869 0.529490
vt 0.234189 0.526073
vt 0.230723 0.528164
vt 0.242069 0.528622
vt 0.226248 0.520028
vt 0.385714 0.090634
vt 0.402248 0.126545
vt 0.385897 0.137678
vt 0.417060 0.116352
vt 0.422976 0.173469
vt 0.368579 0.124867
vt 0.414302 0.096190
vt 0.388639 0.170664
vt 0.350756 0.177230
vt 0.354027 0.111330
vt 0.412577 0.079043
vt 0.441735 0.102889
vt 0.433998 0.128954
vt 0.394055 0.216776
vt 0.358217 0.086182
vt 0.399825 0.065586
vt 0.450718 0.139714
vt 0.413812 0.244541
vt 0.338183 0.123114
vt 0.331482 0.081035
vt 0.366337 0.059157
vt 0.392961 0.046786
vt 0.415031 0.052687
vt 0.428207 0.077366
vt 0.453663 0.170825
vt 0.431278 0.271451
vt 0.407827 0.327687
vt 0.380750 0.244298
vt 0.320867 0.135189
vt 0.382118 0.049851
vt 0.445902 0.080511
vt 0.462523 0.128313
vt 0.480670 0.171552
vt 0.456799 0.216060
vt 0.443610 0.243172
vt 0.369971 0.273921
vt 0.315190 0.168636
vt 0.359903 0.043483
vt 0.388015 0.010093
vt 0.399178 0.029897
vt 0.461487 0.097565
vt 0.471373 0.116581
vt 0.460609 0.311471
vt 0.436114 0.325989
vt 0.350007 0.261979
vt 0.305555 0.215103
vt 0.286347 0.169973
vt 0.308394 0.122744
vt 0.356164 0.027959
vt 0.407125 0.021134
vt 0.444422 0.068350
vt 0.472350 0.241997
vt 0.442581 0.380330
vt 0.379444 0.329326
vt 0.354854 0.343588
vt 0.328456 0.273626
vt 0.316740 0.243561
vt 0.298298 0.111759
vt 0.343643 0.034750
vt 0.420306 0.034159
vt 0.439164 0.051811
vt 0.477494 0.094130
vt 0.484199 0.126711
vt 0.486442 0.269906
vt 0.432395 0.409915
vt 0.387915 0.384728
vt 0.292573 0.327056
vt 0.286194 0.242414
vt 0.305293 0.088082
vt 0.336669 0.031286
vt 0.353407 0.001992
vt 0.367925 0.005477
vt 0.408480 0.010096
vt 0.431183 0.026534
vt 0.495944 0.137378
vt 0.497018 0.242526
vt 0.459985 0.391722
vt 0.456610 0.475091
vt 0.422535 0.438274
vt 0.405471 0.411550
vt 0.323740 0.329066
vt 0.270304 0.269817
vt 0.284139 0.124457
vt 0.284886 0.095321
vt 0.312718 0.063539
vt 0.326540 0.048092
vt 0.454500 0.057084
vt 0.500530 0.168667
vt 0.505063 0.214656
vt 0.506423 0.326526
vt 0.484687 0.325178
vt 0.477664 0.379949
vt 0.401500 0.483604
vt 0.378337 0.413137
vt 0.328275 0.384667
vt 0.264166 0.241657
vt 0.271255 0.135301
vt 0.338975 0.012849
vt 0.413812 0.004401
vt 0.428029 0.484153
vt 0.368435 0.439989
vt 0.349299 0.413195
vt 0.267043 0.326625
vt 0.258333 0.213137
vt 0.265459 0.166777
vt 0.484992 0.409436
vt 0.429906 0.517091
vt 0.345462 0.483657
vt 0.316341 0.411692
vt 0.270296 0.383485
vt 0.492077 0.437686
vt 0.441809 0.528173
vt 0.375131 0.485952
vt 0.305370 0.439131
vt 0.286171 0.411337
vt 0.483130 0.483227
vt 0.451912 0.539130
vt 0.425706 0.566479
vt 0.417399 0.530095
vt 0.379228 0.518651
vt 0.286148 0.483032
vt 0.506656 0.410677
vt 0.502898 0.482092
vt 0.477498 0.514819
vt 0.464106 0.525907
vt 0.405708 0.542672
vt 0.393136 0.530699
vt 0.314574 0.485189
vt 0.264147 0.411208
vt 0.467155 0.555575
vt 0.447882 0.563050
vt 0.379346 0.566911
vt 0.366194 0.530309
vt 0.319975 0.516493
vt 0.258320 0.439301
vt 0.485376 0.526353
vt 0.441921 0.588509
vt 0.403333 0.567167
vt 0.352760 0.540893
vt 0.336848 0.528061
vt 0.265399 0.485768
vt 0.426966 0.604237
vt 0.396848 0.593709
vt 0.326795 0.556245
vt 0.307334 0.527444
vt 0.271131 0.517582
vt 0.490159 0.537885
vt 0.451276 0.592711
vt 0.431525 0.629794
vt 0.411217 0.619331
vt 0.403847 0.606866
vt 0.353024 0.563564
vt 0.297587 0.539364
vt 0.283865 0.528634
vt 0.382902 0.639731
vt 0.382149 0.606601
vt 0.350944 0.587465
vt 0.405262 0.640012
vt 0.369115 0.617884
vt 0.361839 0.602605
vt 0.305670 0.561902
vt 0.403074 0.651737
vt 0.344267 0.626789
vt 0.334728 0.591545
vt 0.317640 0.586052
vt 0.287114 0.565070
vt 0.412193 0.653577
vt 0.363369 0.637712
vt 0.391617 0.654815
vt 0.359872 0.648844
vt 0.379960 0.656774
vt 0.368578 0.653333
vt 0.316324 0.600302
vt 0.351087 0.648083
vt 0.130063 0.815570
vt 0.116940 0.829686
vt 0.109100 0.822922
vt 0.122797 0.835674
vt 0.111042 0.838463
vt 0.109731 0.811375
vt 0.130633 0.833233
vt 0.101984 0.823572
vt 0.095816 0.801041
vt 0.140674 0.833741
vt 0.132105 0.841965
vt 0.122450 0.842371
vt 0.147839 0.828294
vt 0.159173 0.824726
vt 0.157563 0.836094
vt 0.143745 0.839872
vt 0.157972 0.815160
vt 0.158672 0.800556
vt 0.181480 0.816952
vt 0.169730 0.828634
vt 0.145581 0.791332
vt 0.134844 0.782978
vt 0.163575 0.765741
vt 0.174082 0.793838
vt 0.122536 0.791435
vt 0.189120 0.788838
vt 0.111588 0.797794
vt 0.120193 0.768469
vt 0.138746 0.765477
vt 0.197794 0.799562
vt 0.109731 0.811375
vt 0.141761 0.746874
vt 0.191538 0.771815
vt 0.213604 0.778658
vt 0.095816 0.801041
vt 0.105992 0.786934
vt 0.155715 0.736935
vt 0.195349 0.753543
vt 0.103050 0.773580
vt 0.131880 0.741204
vt 0.150063 0.711689
vt 0.171580 0.729037
vt 0.183364 0.740704
vt 0.110725 0.757007
vt 0.121247 0.740730
vt 0.206686 0.720808
vt 0.211067 0.749117
vt 0.096635 0.772495
vt 0.104492 0.745119
vt 0.179016 0.713417
vt 0.225314 0.745847
vt 0.122511 0.727798
vt 0.190588 0.700980
vt 0.231536 0.758351
vt 0.121558 0.717710
vt 0.183778 0.693831
vt 0.230386 0.731274
vt 0.246864 0.739950
vt 0.132831 0.704973
vt 0.178152 0.686753
vt 0.215332 0.685111
vt 0.209993 0.699834
vt 0.237921 0.721074
vt 0.110220 0.723227
vt 0.144288 0.693601
vt 0.159664 0.690103
vt 0.226582 0.701166
vt 0.231610 0.711190
vt 0.100469 0.729666
vt 0.250449 0.705105
vt 0.250089 0.721399
vt 0.235434 0.695030
vt 0.241287 0.690564
vt 0.249122 0.692823
vt 0.614800 0.649020
vt 0.628831 0.639991
vt 0.631758 0.651447
vt 0.622753 0.628334
vt 0.622609 0.660567
vt 0.613287 0.629779
vt 0.610298 0.664531
vt 0.606023 0.632912
vt 0.609634 0.606293
vt 0.635265 0.679899
vt 0.602265 0.658973
vt 0.603320 0.644669
vt 0.626720 0.616951
vt 0.605080 0.675336
vt 0.586015 0.668865
vt 0.598010 0.652927
vt 0.594651 0.639478
vt 0.602121 0.623648
vt 0.631717 0.608246
vt 0.595894 0.693607
vt 0.600393 0.616920
vt 0.624960 0.599461
vt 0.604410 0.707575
vt 0.590127 0.653488
vt 0.602349 0.606535
vt 0.619002 0.591762
vt 0.615665 0.720876
vt 0.575441 0.732674
vt 0.581036 0.698363
vt 0.584930 0.655046
vt 0.597268 0.623267
vt 0.602530 0.598258
vt 0.610007 0.590573
vt 0.648394 0.592641
vt 0.636582 0.714213
vt 0.571316 0.696663
vt 0.579740 0.662433
vt 0.586189 0.650452
vt 0.594549 0.628932
vt 0.603991 0.593360
vt 0.605296 0.588281
vt 0.610395 0.574687
vt 0.626085 0.582469
vt 0.657345 0.713465
vt 0.640165 0.739942
vt 0.609277 0.739220
vt 0.571495 0.680040
vt 0.573326 0.670328
vt 0.587519 0.646287
vt 0.591457 0.638428
vt 0.634460 0.567776
vt 0.668474 0.699650
vt 0.562679 0.709158
vt 0.553317 0.687781
vt 0.603378 0.580429
vt 0.650115 0.564698
vt 0.684024 0.690294
vt 0.692368 0.715528
vt 0.667174 0.728308
vt 0.550029 0.715425
vt 0.599965 0.571634
vt 0.628272 0.557297
vt 0.649260 0.535488
vt 0.545862 0.727735
vt 0.568773 0.672477
vt 0.599408 0.564919
vt 0.618990 0.550992
vt 0.668648 0.566013
vt 0.538290 0.705585
vt 0.598770 0.557646
vt 0.606137 0.557154
vt 0.678931 0.554043
vt 0.524137 0.699785
vt 0.596808 0.539933
vt 0.621101 0.538321
vt 0.617228 0.527899
vt 0.592085 0.547873
vt 0.624792 0.520043
vt 0.582920 0.538339
vt 0.601531 0.525937
vt 0.600311 0.512241
vt 0.578821 0.531438
vt 0.588151 0.522190
vt 0.574347 0.525031
vt 0.581137 0.525561
vt 0.565662 0.513492
vt 0.581119 0.513065
vt 0.563225 0.517793
vt 0.552231 0.512880
vt 0.412857 0.758979
vt 0.435052 0.742826
vt 0.450498 0.748477
vt 0.424109 0.739510
vt 0.452273 0.720367
vt 0.450858 0.760949
vt 0.403884 0.745270
vt 0.467247 0.742825
vt 0.491396 0.762954
vt 0.455306 0.773906
vt 0.401244 0.727921
vt 0.428751 0.725566
vt 0.477153 0.737156
vt 0.439153 0.778091
vt 0.427068 0.705990
vt 0.473010 0.721380
vt 0.478530 0.783043
vt 0.462592 0.797561
vt 0.424294 0.780482
vt 0.436185 0.691704
vt 0.470253 0.700781
vt 0.489853 0.719785
vt 0.489865 0.742489
vt 0.400233 0.771404
vt 0.411038 0.699516
vt 0.416599 0.670568
vt 0.445408 0.678243
vt 0.459039 0.688745
vt 0.427931 0.790579
vt 0.390325 0.782798
vt 0.392681 0.694992
vt 0.464491 0.660370
vt 0.478778 0.690661
vt 0.423030 0.799407
vt 0.378001 0.710425
vt 0.438839 0.660664
vt 0.489865 0.681982
vt 0.435003 0.806835
vt 0.361887 0.689435
vt 0.388985 0.676650
vt 0.501516 0.696468
vt 0.445651 0.812584
vt 0.399011 0.820688
vt 0.397814 0.799040
vt 0.490274 0.663243
vt 0.515932 0.673474
vt 0.467727 0.811994
vt 0.465625 0.828345
vt 0.436145 0.823801
vt 0.492208 0.814300
vt 0.432093 0.842089
vt 0.500609 0.824429
vt 0.415452 0.852055
vt 0.447177 0.852354
vt 0.502185 0.838251
vt 0.429760 0.880508
vt 0.398089 0.861241
vt 0.463903 0.859341
vt 0.482080 0.847392
vt 0.380684 0.850216
vt 0.495096 0.866083
vt 0.395893 0.878989
vt 0.365793 0.872329
vt 0.359906 0.843564
vt 0.464257 0.875754
vt 0.518610 0.845676
vt 0.354127 0.827862
vt 0.343596 0.854089
vt 0.288362 0.765017
vt 0.274382 0.786332
vt 0.266677 0.779377
vt 0.282479 0.795506
vt 0.264421 0.803400
vt 0.268419 0.767850
vt 0.295372 0.792229
vt 0.258731 0.785368
vt 0.255976 0.770945
vt 0.266391 0.757185
vt 0.310015 0.789946
vt 0.299961 0.815002
vt 0.279791 0.807790
vt 0.272122 0.748842
vt 0.314193 0.774569
vt 0.278624 0.817509
vt 0.258016 0.755455
vt 0.260950 0.738490
vt 0.275191 0.736026
vt 0.315988 0.756081
vt 0.319241 0.801403
vt 0.272172 0.819746
vt 0.284349 0.734082
vt 0.304291 0.742023
vt 0.326456 0.812675
vt 0.287271 0.825203
vt 0.282267 0.833083
vt 0.270579 0.723997
vt 0.282088 0.708761
vt 0.294605 0.729239
vt 0.317083 0.718901
vt 0.319854 0.824013
vt 0.294316 0.833679
vt 0.315035 0.833764
vt 0.303883 0.833742
vt 0.296753 0.713413
vt 0.313740 0.846699
vt 0.294278 0.841030
vt 0.298659 0.701922
vt 0.293588 0.696051
vt 0.308552 0.698728
vt 0.324778 0.840085
vt 0.304435 0.689586
vt 0.317611 0.692946
vt 0.338068 0.829741
vt 0.327199 0.698799
vt 0.316725 0.685111
vt 0.158055 0.846225
vt 0.155804 0.857427
vt 0.151215 0.845966
vt 0.002700 0.731201
vt 0.005454 0.745624
vt 0.001795 0.751478
vt 0.011144 0.763657
vt 0.011250 0.727605
vt 0.019789 0.704624
vt 0.020879 0.713113
vt 0.032388 0.697877
vt 0.026133 0.694199
vt 0.034081 0.685111
vt 0.088005 0.869975
vt 0.100002 0.851765
vt 0.099506 0.857265
vt 0.110352 0.850800
vt 0.108903 0.845966
vt 0.063424 0.744630
vt 0.071175 0.760975
vt 0.069728 0.765540
vt 0.081270 0.774312
vt 0.025773 0.731201
vt 0.022838 0.748166
vt 0.017773 0.750565
vt 0.020799 0.763657
vt 0.526939 0.035063
vt 0.529332 0.007603
vt 0.543485 0.001992
vt 0.555224 0.006079
vt 0.551057 0.028550
vt 0.545264 0.049887
vt 0.580636 0.021099
vt 0.557859 0.060060
vt 0.574202 0.071486
vt 0.534011 0.105207
vt 0.593991 0.060323
vt 0.528018 0.061898
vt 0.612392 0.049464
vt 0.609128 0.105652
vt 0.570773 0.103070
vt 0.614471 0.026261
vt 0.564902 0.149430
vt 0.645359 0.032178
vt 0.630218 0.061145
vt 0.542823 0.177181
vt 0.649468 0.071966
vt 0.580489 0.177517
vt 0.551900 0.262689
vt 0.522800 0.205318
vt 0.648064 0.103266
vt 0.595229 0.205277
vt 0.666142 0.060823
vt 0.684049 0.105154
vt 0.641933 0.149366
vt 0.618294 0.177305
vt 0.517856 0.262860
vt 0.679623 0.049361
vt 0.626604 0.261841
vt 0.588098 0.262500
vt 0.512913 0.320043
vt 0.672368 0.027030
vt 0.657302 0.176788
vt 0.583342 0.320262
vt 0.527247 0.347806
vt 0.697563 0.031672
vt 0.696372 0.060893
vt 0.673506 0.204210
vt 0.563292 0.348726
vt 0.542946 0.376101
vt 0.695728 0.176569
vt 0.601016 0.348193
vt 0.578776 0.427054
vt 0.714043 0.149560
vt 0.704867 0.260720
vt 0.666900 0.261070
vt 0.620149 0.374963
vt 0.663078 0.317921
vt 0.641445 0.346159
vt 0.538840 0.422796
vt 0.659381 0.417201
vt 0.620570 0.421459
vt 0.533294 0.453857
vt 0.681562 0.345260
vt 0.624232 0.452226
vt 0.548148 0.465594
vt 0.697750 0.372590
vt 0.609199 0.464527
vt 0.560854 0.477747
vt 0.530888 0.495026
vt 0.715707 0.344720
vt 0.644036 0.462280
vt 0.633492 0.497740
vt 0.598779 0.476705
vt 0.580059 0.472562
vt 0.515224 0.464454
vt 0.693826 0.418579
vt 0.659392 0.472829
vt 0.585601 0.508645
vt 0.557986 0.501660
vt 0.690533 0.449868
vt 0.673786 0.461237
vt 0.607840 0.499505
vt 0.684933 0.493116
vt 0.659275 0.495638
vt 0.703800 0.460535
vt 0.714349 0.470665
vt 0.788539 0.748938
vt 0.811673 0.663616
vt 0.828912 0.691747
vt 0.793282 0.635930
vt 0.834897 0.591606
vt 0.826629 0.749488
vt 0.771356 0.663924
vt 0.849291 0.664160
vt 0.863263 0.750020
vt 0.827227 0.807272
vt 0.749024 0.691766
vt 0.756233 0.592315
vt 0.795743 0.589693
vt 0.869713 0.637010
vt 0.809067 0.834890
vt 0.746968 0.748990
vt 0.797540 0.558316
vt 0.872406 0.590649
vt 0.846859 0.835441
vt 0.831204 0.907554
vt 0.789626 0.862192
vt 0.747014 0.805674
vt 0.707349 0.757165
vt 0.730978 0.664298
vt 0.817446 0.546889
vt 0.872524 0.559173
vt 0.885111 0.665529
vt 0.866431 0.863173
vt 0.768341 0.833882
vt 0.715519 0.636097
vt 0.779158 0.547432
vt 0.800156 0.512241
vt 0.835603 0.535967
vt 0.853670 0.547627
vt 0.899109 0.693689
vt 0.882649 0.835080
vt 0.792268 0.908704
vt 0.753571 0.910162
vt 0.729600 0.834520
vt 0.720753 0.589978
vt 0.762901 0.536517
vt 0.865492 0.519193
vt 0.896100 0.750497
vt 0.897460 0.807357
vt 0.867720 0.909640
vt 0.797245 0.939408
vt 0.717321 0.864337
vt 0.697896 0.663845
vt 0.725249 0.558870
vt 0.744190 0.548093
vt 0.834653 0.513682
vt 0.887778 0.548329
vt 0.866704 0.941454
vt 0.817701 0.950603
vt 0.702844 0.851901
vt 0.736189 0.518997
vt 0.766289 0.513411
vt 0.848713 0.952773
vt 0.833793 0.962516
vt 0.806900 0.974717
vt 0.783715 0.949831
vt 0.723312 0.906927
vt 0.702589 0.916783
vt 0.855850 0.988942
vt 0.777114 0.961342
vt 0.728260 0.930121
vt 0.712504 0.547680
vt 0.881552 0.952506
vt 0.831382 0.980949
vt 0.762862 0.953865
vt 0.741422 0.938529
vt 0.702910 0.535970
vt 0.893770 0.963236
vt 0.787708 0.979508
vt 0.772251 0.978730
vt 0.752400 0.951923
vt 0.739739 0.952055
vt 0.722633 0.936971
vt 0.713992 0.513452
vt 0.794740 0.994778
vt 0.808121 0.998008
vt 0.755067 0.964371
vt 0.723400 0.942463
vt 0.823817 0.996388
vt 0.758821 0.972812
vt 0.734543 0.951883
vt 0.752379 0.967728
vt 0.745639 0.962045
vt 0.039608 0.686330
vt 0.050646 0.686030
vt 0.063302 0.705366
vt 0.063937 0.685111
vt 0.065772 0.716085
vt 0.075686 0.712488
vt 0.090289 0.741034
vt 0.118654 0.845966
vt 0.126052 0.863605
vt 0.116098 0.856564
vt 0.031819 0.744630
vt 0.056421 0.760636
vt 0.053862 0.776222
vt 0.131901 0.860157
vt 0.139848 0.848146
vt 0.145488 0.845966
vn -0.579989 -0.018760 0.814408
vn -0.561773 0.188141 0.805614
vn -0.650700 0.208670 0.730100
vn -0.579989 -0.018760 0.814408
vn -0.650700 0.208670 0.730100
vn -0.698430 0.128650 0.704020
vn -0.505797 0.406868 0.760676
vn -0.656179 0.392229 0.644659
vn -0.650700 0.208670 0.730100
vn -0.505797 0.406868 0.760676
vn -0.650700 0.208670 0.730100
vn -0.561773 0.188141 0.805614
vn -0.690389 0.444609 0.570689
vn -0.698430 0.128650 0.704020
vn -0.650700 0.208670 0.730100
vn -0.690389 0.444609 0.570689
vn -0.650700 0.208670 0.730100
vn -0.656179 0.392229 0.644659
vn 0.532130 -0.158890 -0.831620
vn 0.683947 -0.201239 -0.701227
vn 0.627529 -0.360439 -0.690139
vn 0.532130 -0.158890 -0.831620
vn 0.627529 -0.360439 -0.690139
vn 0.546309 -0.372569 -0.750159
vn 0.712090 -0.443690 -0.544120
vn 0.642660 -0.497830 -0.582370
vn 0.627529 -0.360439 -0.690139
vn 0.712090 -0.443690 -0.544120
vn 0.627529 -0.360439 -0.690139
vn 0.683947 -0.201239 -0.701227
vn 0.499230 -0.577140 -0.646280
vn 0.546309 -0.372569 -0.750159
vn 0.627529 -0.360439 -0.690139
vn 0.499230 -0.577140 -0.646280
vn 0.627529 -0.360439 -0.690139
vn 0.642660 -0.497830 -0.582370
vn 0.650879 0.048380 0.757639
vn 0.622369 0.283240 0.729679
vn 0.611951 0.260480 0.746771
vn 0.650879 0.048380 0.757639
vn 0.611951 0.260480 0.746771
vn 0.606510 0.091100 0.789840
vn 0.518102 0.501882 0.692593
vn 0.529672 0.330741 0.781062
vn 0.611951 0.260480 0.746771
vn 0.518102 0.501882 0.692593
vn 0.611951 0.260480 0.746771
vn 0.622369 0.283240 0.729679
vn 0.475969 0.107980 0.872808
vn 0.606510 0.091100 0.789840
vn 0.611951 0.260480 0.746771
vn 0.475969 0.107980 0.872808
vn 0.611951 0.260480 0.746771
vn 0.529672 0.330741 0.781062
vn 0.166329 0.178679 -0.969747
vn 0.332590 0.000310 -0.943071
vn 0.269468 -0.138799 -0.952954
vn 0.166329 0.178679 -0.969747
vn 0.269468 -0.138799 -0.952954
vn 0.179149 -0.143320 -0.973327
vn 0.532130 -0.158890 -0.831620
vn 0.346871 -0.280131 -0.895102
vn 0.269468 -0.138799 -0.952954
vn 0.532130 -0.158890 -0.831620
vn 0.269468 -0.138799 -0.952954
vn 0.332590 0.000310 -0.943071
vn 0.183961 -0.422511 -0.887492
vn 0.179149 -0.143320 -0.973327
vn 0.269468 -0.138799 -0.952954
vn 0.183961 -0.422511 -0.887492
vn 0.269468 -0.138799 -0.952954
vn 0.346871 -0.280131 -0.895102
vn -0.690389 0.444609 0.570689
vn -0.793947 0.266089 0.546668
vn -0.800389 0.027730 0.598839
vn -0.690389 0.444609 0.570689
vn -0.800389 0.027730 0.598839
vn -0.745354 0.034170 0.665793
vn -0.923409 -0.002440 0.383810
vn -0.874480 -0.160470 0.457750
vn -0.800389 0.027730 0.598839
vn -0.923409 -0.002440 0.383810
vn -0.800389 0.027730 0.598839
vn -0.793947 0.266089 0.546668
vn -0.777309 -0.248900 0.577789
vn -0.745354 0.034170 0.665793
vn -0.800389 0.027730 0.598839
vn -0.777309 -0.248900 0.577789
vn -0.800389 0.027730 0.598839
vn -0.874480 -0.160470 0.457750
vn 0.968200 0.178640 -0.175150
vn 0.928466 0.294169 0.226749
vn 0.931124 0.111371 0.347282
vn 0.968200 0.178640 -0.175150
vn 0.931124 0.111371 0.347282
vn 0.962244 -0.085800 0.258311
vn 0.722748 0.574198 0.384619
vn 0.885817 0.130320 0.445359
vn 0.931124 0.111371 0.347282
vn 0.722748 0.574198 0.384619
vn 0.931124 0.111371 0.347282
vn 0.928466 0.294169 0.226749
vn 0.811852 -0.286901 0.508511
vn 0.962244 -0.085800 0.258311
vn 0.931124 0.111371 0.347282
vn 0.811852 -0.286901 0.508511
vn 0.931124 0.111371 0.347282
vn 0.885817 0.130320 0.445359
vn 0.640711 -0.767781 0.001650
vn 0.613543 -0.745193 0.261251
vn 0.575061 -0.789701 0.213720
vn 0.640711 -0.767781 0.001650
vn 0.575061 -0.789701 0.213720
vn 0.585820 -0.807970 0.063250
vn 0.532142 -0.716943 0.450352
vn 0.494579 -0.826438 0.269059
vn 0.575061 -0.789701 0.213720
vn 0.532142 -0.716943 0.450352
vn 0.575061 -0.789701 0.213720
vn 0.613543 -0.745193 0.261251
vn 0.457190 -0.885020 0.087850
vn 0.585820 -0.807970 0.063250
vn 0.575061 -0.789701 0.213720
vn 0.457190 -0.885020 0.087850
vn 0.575061 -0.789701 0.213720
vn 0.494579 -0.826438 0.269059
vn -0.690389 0.444609 0.570689
vn -0.610459 0.713508 0.343869
vn -0.602911 0.704831 0.373781
vn -0.690389 0.444609 0.570689
vn -0.602911 0.704831 0.373781
vn -0.652206 0.637436 0.410247
vn -0.493201 0.852182 0.174750
vn -0.586719 0.760789 0.277420
vn -0.602911 0.704831 0.373781
vn -0.493201 0.852182 0.174750
vn -0.602911 0.704831 0.373781
vn -0.610459 0.713508 0.343869
vn -0.696378 0.654008 0.295519
vn -0.652206 0.637436 0.410247
vn -0.602911 0.704831 0.373781
vn -0.696378 0.654008 0.295519
vn -0.602911 0.704831 0.373781
vn -0.586719 0.760789 0.277420
vn 0.500209 -0.814058 -0.295129
vn 0.633559 -0.674419 -0.379159
vn 0.658568 -0.700658 -0.274529
vn 0.500209 -0.814058 -0.295129
vn 0.658568 -0.700658 -0.274529
vn 0.604932 -0.778512 -0.167261
vn 0.712090 -0.443690 -0.544120
vn 0.702580 -0.661830 -0.261460
vn 0.658568 -0.700658 -0.274529
vn 0.712090 -0.443690 -0.544120
vn 0.658568 -0.700658 -0.274529
vn 0.633559 -0.674419 -0.379159
vn 0.640711 -0.767781 0.001650
vn 0.604932 -0.778512 -0.167261
vn 0.658568 -0.700658 -0.274529
vn 0.640711 -0.767781 0.001650
vn 0.658568 -0.700658 -0.274529
vn 0.702580 -0.661830 -0.261460
vn -0.475139 0.765688 -0.433549
vn -0.584920 0.749690 -0.309570
vn -0.524122 0.813363 -0.252461
vn -0.475139 0.765688 -0.433549
vn -0.524122 0.813363 -0.252461
vn -0.445859 0.847428 -0.288229
vn -0.603588 0.773898 -0.191739
vn -0.538042 0.827473 -0.160621
vn -0.524122 0.813363 -0.252461
vn -0.603588 0.773898 -0.191739
vn -0.524122 0.813363 -0.252461
vn -0.584920 0.749690 -0.309570
vn -0.410488 0.889516 -0.200649
vn -0.445859 0.847428 -0.288229
vn -0.524122 0.813363 -0.252461
vn -0.410488 0.889516 -0.200649
vn -0.524122 0.813363 -0.252461
vn -0.538042 0.827473 -0.160621
vn 0.506119 -0.407619 0.760059
vn 0.316460 -0.314260 0.895039
vn 0.246900 -0.447661 0.859442
vn 0.506119 -0.407619 0.760059
vn 0.246900 -0.447661 0.859442
vn 0.311170 -0.558899 0.768639
vn 0.163020 -0.167390 0.972320
vn 0.156270 -0.447330 0.880611
vn 0.246900 -0.447661 0.859442
vn 0.163020 -0.167390 0.972320
vn 0.246900 -0.447661 0.859442
vn 0.316460 -0.314260 0.895039
vn 0.138990 -0.686899 0.713339
vn 0.311170 -0.558899 0.768639
vn 0.246900 -0.447661 0.859442
vn 0.138990 -0.686899 0.713339
vn 0.246900 -0.447661 0.859442
vn 0.156270 -0.447330 0.880611
vn -0.228950 -0.031700 -0.972922
vn -0.191931 -0.130430 -0.972703
vn -0.223671 -0.194831 -0.954993
vn -0.228950 -0.031700 -0.972922
vn -0.223671 -0.194831 -0.954993
vn -0.246049 -0.215979 -0.944888
vn -0.436219 0.065580 -0.897448
vn -0.346328 -0.091750 -0.933616
vn -0.223671 -0.194831 -0.954993
vn -0.436219 0.065580 -0.897448
vn -0.223671 -0.194831 -0.954993
vn -0.191931 -0.130430 -0.972703
vn -0.368380 -0.274750 -0.888149
vn -0.246049 -0.215979 -0.944888
vn -0.223671 -0.194831 -0.954993
vn -0.368380 -0.274750 -0.888149
vn -0.223671 -0.194831 -0.954993
vn -0.346328 -0.091750 -0.933616
vn -0.932522 -0.088580 -0.350081
vn -0.904607 -0.281729 -0.319869
vn -0.925358 -0.267740 -0.268380
vn -0.932522 -0.088580 -0.350081
vn -0.925358 -0.267740 -0.268380
vn -0.954073 -0.176031 -0.242401
vn -0.855822 -0.228791 -0.463921
vn -0.886290 -0.184760 -0.424680
vn -0.925358 -0.267740 -0.268380
vn -0.855822 -0.228791 -0.463921
vn -0.925358 -0.267740 -0.268380
vn -0.904607 -0.281729 -0.319869
vn -0.880149 -0.066980 -0.469949
vn -0.954073 -0.176031 -0.242401
vn -0.925358 -0.267740 -0.268380
vn -0.880149 -0.066980 -0.469949
vn -0.925358 -0.267740 -0.268380
vn -0.886290 -0.184760 -0.424680
vn 0.662278 0.365849 0.653868
vn 0.612627 0.590417 0.525448
vn 0.600740 0.589940 0.539520
vn 0.662278 0.365849 0.653868
vn 0.600740 0.589940 0.539520
vn 0.622399 0.430810 0.653469
vn 0.496614 0.766616 0.407033
vn 0.517462 0.659462 0.545292
vn 0.600740 0.589940 0.539520
vn 0.496614 0.766616 0.407033
vn 0.600740 0.589940 0.539520
vn 0.612627 0.590417 0.525448
vn 0.518102 0.501882 0.692593
vn 0.622399 0.430810 0.653469
vn 0.600740 0.589940 0.539520
vn 0.518102 0.501882 0.692593
vn 0.600740 0.589940 0.539520
vn 0.517462 0.659462 0.545292
vn -0.359940 0.100190 -0.927580
vn -0.246941 0.109590 -0.962814
vn -0.268101 0.123190 -0.955482
vn -0.359940 0.100190 -0.927580
vn -0.268101 0.123190 -0.955482
vn -0.312579 0.188079 -0.931086
vn -0.228950 -0.031700 -0.972922
vn -0.301639 0.062860 -0.951348
vn -0.268101 0.123190 -0.955482
vn -0.228950 -0.031700 -0.972922
vn -0.268101 0.123190 -0.955482
vn -0.246941 0.109590 -0.962814
vn -0.435630 0.137380 -0.889580
vn -0.312579 0.188079 -0.931086
vn -0.268101 0.123190 -0.955482
vn -0.435630 0.137380 -0.889580
vn -0.268101 0.123190 -0.955482
vn -0.301639 0.062860 -0.951348
vn -0.874989 0.305470 -0.375610
vn -0.879883 0.349411 -0.322051
vn -0.924609 0.287520 -0.249860
vn -0.874989 0.305470 -0.375610
vn -0.924609 0.287520 -0.249860
vn -0.898848 0.219349 -0.379419
vn -0.875052 0.237580 -0.421711
vn -0.942299 0.202370 -0.266680
vn -0.924609 0.287520 -0.249860
vn -0.875052 0.237580 -0.421711
vn -0.924609 0.287520 -0.249860
vn -0.879883 0.349411 -0.322051
vn -0.908522 0.094710 -0.406961
vn -0.898848 0.219349 -0.379419
vn -0.924609 0.287520 -0.249860
vn -0.908522 0.094710 -0.406961
vn -0.924609 0.287520 -0.249860
vn -0.942299 0.202370 -0.266680
vn -0.592609 -0.309710 -0.743569
vn -0.638131 -0.466340 -0.612631
vn -0.593378 -0.469508 -0.653808
vn -0.592609 -0.309710 -0.743569
vn -0.593378 -0.469508 -0.653808
vn -0.482840 -0.505000 -0.715430
vn -0.760928 -0.377159 -0.527958
vn -0.646848 -0.391249 -0.654608
vn -0.593378 -0.469508 -0.653808
vn -0.760928 -0.377159 -0.527958
vn -0.593378 -0.469508 -0.653808
vn -0.638131 -0.466340 -0.612631
vn -0.520959 -0.397269 -0.755499
vn -0.482840 -0.505000 -0.715430
vn -0.593378 -0.469508 -0.653808
vn -0.520959 -0.397269 -0.755499
vn -0.593378 -0.469508 -0.653808
vn -0.646848 -0.391249 -0.654608
vn -0.562510 -0.440900 0.699420
vn -0.360808 -0.578977 0.731166
vn -0.289879 -0.505269 0.812818
vn -0.562510 -0.440900 0.699420
vn -0.289879 -0.505269 0.812818
vn -0.366031 -0.374501 0.851922
vn -0.172621 -0.729153 0.662222
vn -0.186870 -0.539601 0.820921
vn -0.289879 -0.505269 0.812818
vn -0.172621 -0.729153 0.662222
vn -0.289879 -0.505269 0.812818
vn -0.360808 -0.578977 0.731166
vn -0.189370 -0.336181 0.922562
vn -0.366031 -0.374501 0.851922
vn -0.289879 -0.505269 0.812818
vn -0.189370 -0.336181 0.922562
vn -0.289879 -0.505269 0.812818
vn -0.186870 -0.539601 0.820921
vn -0.010130 -0.910825 0.412668
vn 0.063950 -0.837501 0.542681
vn 0.035030 -0.811931 0.582701
vn -0.010130 -0.910825 0.412668
vn 0.035030 -0.811931 0.582701
vn -0.013080 -0.818296 0.574648
vn 0.138990 -0.686899 0.713339
vn 0.066330 -0.699781 0.711271
vn 0.035030 -0.811931 0.582701
vn 0.138990 -0.686899 0.713339
vn 0.035030 -0.811931 0.582701
vn 0.063950 -0.837501 0.542681
vn -0.033490 -0.681190 0.731340
vn -0.013080 -0.818296 0.574648
vn 0.035030 -0.811931 0.582701
vn -0.033490 -0.681190 0.731340
vn 0.035030 -0.811931 0.582701
vn 0.066330 -0.699781 0.711271
vn -0.132419 0.865657 -0.482808
vn -0.256150 0.909561 -0.327240
vn -0.219770 0.933961 -0.281810
vn -0.132419 0.865657 -0.482808
vn -0.219770 0.933961 -0.281810
vn -0.141670 0.942953 -0.301281
vn -0.410488 0.889516 -0.200649
vn -0.266670 0.948830 -0.169140
vn -0.219770 0.933961 -0.281810
vn -0.410488 0.889516 -0.200649
vn -0.219770 0.933961 -0.281810
vn -0.256150 0.909561 -0.327240
vn -0.139870 0.985387 -0.097210
vn -0.141670 0.942953 -0.301281
vn -0.219770 0.933961 -0.281810
vn -0.139870 0.985387 -0.097210
vn -0.219770 0.933961 -0.281810
vn -0.266670 0.948830 -0.169140
vn -0.000060 -0.923508 -0.383579
vn 0.074260 -0.961330 -0.265200
vn 0.038800 -0.984289 -0.172250
vn -0.000060 -0.923508 -0.383579
vn 0.038800 -0.984289 -0.172250
vn -0.003250 -0.984050 -0.177860
vn 0.148840 -0.979883 -0.132950
vn 0.070300 -0.996170 -0.051990
vn 0.038800 -0.984289 -0.172250
vn 0.148840 -0.979883 -0.132950
vn 0.038800 -0.984289 -0.172250
vn 0.074260 -0.961330 -0.265200
vn -0.005720 -0.999876 0.014690
vn -0.003250 -0.984050 -0.177860
vn 0.038800 -0.984289 -0.172250
vn -0.005720 -0.999876 0.014690
vn 0.038800 -0.984289 -0.172250
vn 0.070300 -0.996170 -0.051990
vn -0.000060 -0.923508 -0.383579
vn -0.078040 -0.960127 -0.268449
vn -0.108000 -0.930822 -0.349151
vn -0.000060 -0.923508 -0.383579
vn -0.108000 -0.930822 -0.349151
vn -0.069840 -0.883818 -0.462589
vn -0.149280 -0.979551 -0.134890
vn -0.150900 -0.929018 -0.337869
vn -0.108000 -0.930822 -0.349151
vn -0.149280 -0.979551 -0.134890
vn -0.108000 -0.930822 -0.349151
vn -0.078040 -0.960127 -0.268449
vn -0.143410 -0.843690 -0.517320
vn -0.069840 -0.883818 -0.462589
vn -0.108000 -0.930822 -0.349151
vn -0.143410 -0.843690 -0.517320
vn -0.108000 -0.930822 -0.349151
vn -0.150900 -0.929018 -0.337869
vn -0.484361 -0.749361 0.451501
vn -0.308591 -0.867512 0.390121
vn -0.250741 -0.830722 0.497021
vn -0.484361 -0.749361 0.451501
vn -0.250741 -0.830722 0.497021
vn -0.321279 -0.742509 0.587759
vn -0.158239 -0.945947 0.283099
vn -0.156690 -0.855232 0.493991
vn -0.250741 -0.830722 0.497021
vn -0.158239 -0.945947 0.283099
vn -0.250741 -0.830722 0.497021
vn -0.308591 -0.867512 0.390121
vn -0.172621 -0.729153 0.662222
vn -0.321279 -0.742509 0.587759
vn -0.250741 -0.830722 0.497021
vn -0.172621 -0.729153 0.662222
vn -0.250741 -0.830722 0.497021
vn -0.156690 -0.855232 0.493991
vn -0.003540 -0.659498 -0.751698
vn 0.094040 -0.564570 -0.820010
vn 0.125600 -0.658111 -0.742371
vn -0.003540 -0.659498 -0.751698
vn 0.125600 -0.658111 -0.742371
vn 0.079650 -0.747078 -0.659948
vn 0.183961 -0.422511 -0.887492
vn 0.169630 -0.652239 -0.738789
vn 0.125600 -0.658111 -0.742371
vn 0.183961 -0.422511 -0.887492
vn 0.125600 -0.658111 -0.742371
vn 0.094040 -0.564570 -0.820010
vn 0.159120 -0.817569 -0.553409
vn 0.079650 -0.747078 -0.659948
vn 0.125600 -0.658111 -0.742371
vn 0.159120 -0.817569 -0.553409
vn 0.125600 -0.658111 -0.742371
vn 0.169630 -0.652239 -0.738789
vn -0.152810 0.595100 -0.788990
vn -0.270429 0.641218 -0.718128
vn -0.181410 0.730892 -0.657942
vn -0.152810 0.595100 -0.788990
vn -0.181410 0.730892 -0.657942
vn -0.116160 0.731612 -0.671752
vn -0.397451 0.634052 -0.663332
vn -0.227860 0.799069 -0.556389
vn -0.181410 0.730892 -0.657942
vn -0.397451 0.634052 -0.663332
vn -0.181410 0.730892 -0.657942
vn -0.270429 0.641218 -0.718128
vn -0.132419 0.865657 -0.482808
vn -0.116160 0.731612 -0.671752
vn -0.181410 0.730892 -0.657942
vn -0.132419 0.865657 -0.482808
vn -0.181410 0.730892 -0.657942
vn -0.227860 0.799069 -0.556389
vn -0.855822 -0.228791 -0.463921
vn -0.834519 -0.386580 -0.392600
vn -0.803991 -0.434440 -0.406030
vn -0.855822 -0.228791 -0.463921
vn -0.803991 -0.434440 -0.406030
vn -0.816152 -0.312411 -0.486101
vn -0.760928 -0.377159 -0.527958
vn -0.751937 -0.450118 -0.481648
vn -0.803991 -0.434440 -0.406030
vn -0.760928 -0.377159 -0.527958
vn -0.803991 -0.434440 -0.406030
vn -0.834519 -0.386580 -0.392600
vn -0.759535 -0.269618 -0.591956
vn -0.816152 -0.312411 -0.486101
vn -0.803991 -0.434440 -0.406030
vn -0.759535 -0.269618 -0.591956
vn -0.803991 -0.434440 -0.406030
vn -0.751937 -0.450118 -0.481648
vn 0.811852 -0.286901 0.508511
vn 0.671711 -0.534391 0.513061
vn 0.719670 -0.528680 0.450080
vn 0.811852 -0.286901 0.508511
vn 0.719670 -0.528680 0.450080
vn 0.819509 -0.420110 0.389760
vn 0.532142 -0.716943 0.450352
vn 0.664300 -0.628300 0.404900
vn 0.719670 -0.528680 0.450080
vn 0.532142 -0.716943 0.450352
vn 0.719670 -0.528680 0.450080
vn 0.671711 -0.534391 0.513061
vn 0.847178 -0.499249 0.181770
vn 0.819509 -0.420110 0.389760
vn 0.719670 -0.528680 0.450080
vn 0.847178 -0.499249 0.181770
vn 0.719670 -0.528680 0.450080
vn 0.664300 -0.628300 0.404900
vn -0.003300 0.908910 0.416980
vn -0.076000 0.817571 0.570791
vn -0.051080 0.781802 0.621431
vn -0.003300 0.908910 0.416980
vn -0.051080 0.781802 0.621431
vn -0.011290 0.796821 0.604110
vn -0.156470 0.680391 0.715951
vn -0.082760 0.650368 0.755098
vn -0.051080 0.781802 0.621431
vn -0.156470 0.680391 0.715951
vn -0.051080 0.781802 0.621431
vn -0.076000 0.817571 0.570791
vn -0.014140 0.619102 0.785183
vn -0.011290 0.796821 0.604110
vn -0.051080 0.781802 0.621431
vn -0.014140 0.619102 0.785183
vn -0.051080 0.781802 0.621431
vn -0.082760 0.650368 0.755098
vn -0.162090 0.182720 0.969711
vn -0.322209 0.299939 0.897897
vn -0.431201 0.174290 0.885262
vn -0.162090 0.182720 0.969711
vn -0.431201 0.174290 0.885262
vn -0.360260 0.055640 0.931191
vn -0.505797 0.406868 0.760676
vn -0.561773 0.188141 0.805614
vn -0.431201 0.174290 0.885262
vn -0.505797 0.406868 0.760676
vn -0.431201 0.174290 0.885262
vn -0.322209 0.299939 0.897897
vn -0.579989 -0.018760 0.814408
vn -0.360260 0.055640 0.931191
vn -0.431201 0.174290 0.885262
vn -0.579989 -0.018760 0.814408
vn -0.431201 0.174290 0.885262
vn -0.561773 0.188141 0.805614
vn 0.968200 0.178640 -0.175150
vn 0.794376 0.528927 -0.298668
vn 0.848689 0.527230 0.041900
vn 0.968200 0.178640 -0.175150
vn 0.848689 0.527230 0.041900
vn 0.928466 0.294169 0.226749
vn 0.619242 0.772422 -0.141080
vn 0.689801 0.701410 0.179440
vn 0.848689 0.527230 0.041900
vn 0.619242 0.772422 -0.141080
vn 0.848689 0.527230 0.041900
vn 0.794376 0.528927 -0.298668
vn 0.722748 0.574198 0.384619
vn 0.928466 0.294169 0.226749
vn 0.848689 0.527230 0.041900
vn 0.722748 0.574198 0.384619
vn 0.848689 0.527230 0.041900
vn 0.689801 0.701410 0.179440
vn -0.149280 -0.979551 -0.134890
vn -0.290460 -0.956871 0.005610
vn -0.339669 -0.936878 -0.082970
vn -0.149280 -0.979551 -0.134890
vn -0.339669 -0.936878 -0.082970
vn -0.268060 -0.941009 -0.206510
vn -0.494958 -0.864177 0.090640
vn -0.463548 -0.882816 -0.075890
vn -0.339669 -0.936878 -0.082970
vn -0.494958 -0.864177 0.090640
vn -0.339669 -0.936878 -0.082970
vn -0.290460 -0.956871 0.005610
vn -0.412702 -0.877693 -0.243581
vn -0.268060 -0.941009 -0.206510
vn -0.339669 -0.936878 -0.082970
vn -0.412702 -0.877693 -0.243581
vn -0.339669 -0.936878 -0.082970
vn -0.463548 -0.882816 -0.075890
vn -0.005720 -0.999876 0.014690
vn 0.069160 -0.988754 0.132601
vn 0.035560 -0.977994 0.205581
vn -0.005720 -0.999876 0.014690
vn 0.035560 -0.977994 0.205581
vn -0.008020 -0.980115 0.198271
vn 0.144200 -0.945439 0.292150
vn 0.065700 -0.934888 0.348809
vn 0.035560 -0.977994 0.205581
vn 0.144200 -0.945439 0.292150
vn 0.035560 -0.977994 0.205581
vn 0.069160 -0.988754 0.132601
vn -0.010130 -0.910825 0.412668
vn -0.008020 -0.980115 0.198271
vn 0.035560 -0.977994 0.205581
vn -0.010130 -0.910825 0.412668
vn 0.035560 -0.977994 0.205581
vn 0.065700 -0.934888 0.348809
vn 0.563053 0.251151 -0.787334
vn 0.682051 -0.046550 -0.729821
vn 0.671531 0.009080 -0.740921
vn 0.563053 0.251151 -0.787334
vn 0.671531 0.009080 -0.740921
vn 0.580211 0.070810 -0.811382
vn 0.712090 -0.443690 -0.544120
vn 0.683947 -0.201239 -0.701227
vn 0.671531 0.009080 -0.740921
vn 0.712090 -0.443690 -0.544120
vn 0.671531 0.009080 -0.740921
vn 0.682051 -0.046550 -0.729821
vn 0.532130 -0.158890 -0.831620
vn 0.580211 0.070810 -0.811382
vn 0.671531 0.009080 -0.740921
vn 0.532130 -0.158890 -0.831620
vn 0.671531 0.009080 -0.740921
vn 0.683947 -0.201239 -0.701227
vn -0.412702 -0.877693 -0.243581
vn -0.568250 -0.796500 -0.206590
vn -0.551719 -0.782978 -0.287319
vn -0.412702 -0.877693 -0.243581
vn -0.551719 -0.782978 -0.287319
vn -0.449520 -0.828329 -0.334370
vn -0.651122 -0.700542 -0.292031
vn -0.639310 -0.674150 -0.369870
vn -0.551719 -0.782978 -0.287319
vn -0.651122 -0.700542 -0.292031
vn -0.551719 -0.782978 -0.287319
vn -0.568250 -0.796500 -0.206590
vn -0.474839 -0.763178 -0.438279
vn -0.449520 -0.828329 -0.334370
vn -0.551719 -0.782978 -0.287319
vn -0.474839 -0.763178 -0.438279
vn -0.551719 -0.782978 -0.287319
vn -0.639310 -0.674150 -0.369870
vn -0.359940 0.100190 -0.927580
vn -0.312579 0.188079 -0.931086
vn -0.343841 0.262221 -0.901673
vn -0.359940 0.100190 -0.927580
vn -0.343841 0.262221 -0.901673
vn -0.390369 0.178960 -0.903098
vn -0.435630 0.137380 -0.889580
vn -0.418741 0.277981 -0.864513
vn -0.343841 0.262221 -0.901673
vn -0.435630 0.137380 -0.889580
vn -0.343841 0.262221 -0.901673
vn -0.312579 0.188079 -0.931086
vn -0.497909 0.227059 -0.836977
vn -0.390369 0.178960 -0.903098
vn -0.343841 0.262221 -0.901673
vn -0.497909 0.227059 -0.836977
vn -0.343841 0.262221 -0.901673
vn -0.418741 0.277981 -0.864513
vn 0.968200 0.178640 -0.175150
vn 0.968818 -0.237090 0.071970
vn 0.944789 -0.216250 -0.246190
vn 0.968200 0.178640 -0.175150
vn 0.944789 -0.216250 -0.246190
vn 0.870755 0.087239 -0.483917
vn 0.847178 -0.499249 0.181770
vn 0.905989 -0.380429 -0.185630
vn 0.944789 -0.216250 -0.246190
vn 0.847178 -0.499249 0.181770
vn 0.944789 -0.216250 -0.246190
vn 0.968818 -0.237090 0.071970
vn 0.770145 -0.012610 -0.637744
vn 0.870755 0.087239 -0.483917
vn 0.944789 -0.216250 -0.246190
vn 0.770145 -0.012610 -0.637744
vn 0.944789 -0.216250 -0.246190
vn 0.905989 -0.380429 -0.185630
vn -0.493201 0.852182 0.174750
vn -0.287640 0.956559 0.047520
vn -0.338250 0.940280 -0.038230
vn -0.493201 0.852182 0.174750
vn -0.338250 0.940280 -0.038230
vn -0.447711 0.893903 -0.022190
vn -0.139870 0.985387 -0.097210
vn -0.266670 0.948830 -0.169140
vn -0.338250 0.940280 -0.038230
vn -0.139870 0.985387 -0.097210
vn -0.338250 0.940280 -0.038230
vn -0.287640 0.956559 0.047520
vn -0.410488 0.889516 -0.200649
vn -0.447711 0.893903 -0.022190
vn -0.338250 0.940280 -0.038230
vn -0.410488 0.889516 -0.200649
vn -0.338250 0.940280 -0.038230
vn -0.266670 0.948830 -0.169140
vn -0.162090 0.182720 0.969711
vn -0.088700 0.426669 0.900048
vn -0.117120 0.486291 0.865912
vn -0.162090 0.182720 0.969711
vn -0.117120 0.486291 0.865912
vn -0.162540 0.456191 0.874912
vn -0.014140 0.619102 0.785183
vn -0.082760 0.650368 0.755098
vn -0.117120 0.486291 0.865912
vn -0.014140 0.619102 0.785183
vn -0.117120 0.486291 0.865912
vn -0.088700 0.426669 0.900048
vn -0.156470 0.680391 0.715951
vn -0.162540 0.456191 0.874912
vn -0.117120 0.486291 0.865912
vn -0.156470 0.680391 0.715951
vn -0.117120 0.486291 0.865912
vn -0.082760 0.650368 0.755098
vn 0.169740 0.689452 -0.704162
vn 0.339502 0.480163 -0.808815
vn 0.279360 0.426730 -0.860151
vn 0.169740 0.689452 -0.704162
vn 0.279360 0.426730 -0.860151
vn 0.175620 0.471269 -0.864328
vn 0.563053 0.251151 -0.787334
vn 0.347422 0.272621 -0.897204
vn 0.279360 0.426730 -0.860151
vn 0.563053 0.251151 -0.787334
vn 0.279360 0.426730 -0.860151
vn 0.339502 0.480163 -0.808815
vn 0.166329 0.178679 -0.969747
vn 0.175620 0.471269 -0.864328
vn 0.279360 0.426730 -0.860151
vn 0.166329 0.178679 -0.969747
vn 0.279360 0.426730 -0.860151
vn 0.347422 0.272621 -0.897204
vn 0.183961 -0.422511 -0.887492
vn 0.335370 -0.520050 -0.785541
vn 0.261581 -0.640121 -0.722371
vn 0.183961 -0.422511 -0.887492
vn 0.261581 -0.640121 -0.722371
vn 0.169630 -0.652239 -0.738789
vn 0.499230 -0.577140 -0.646280
vn 0.319240 -0.718909 -0.617459
vn 0.261581 -0.640121 -0.722371
vn 0.499230 -0.577140 -0.646280
vn 0.261581 -0.640121 -0.722371
vn 0.335370 -0.520050 -0.785541
vn 0.159120 -0.817569 -0.553409
vn 0.169630 -0.652239 -0.738789
vn 0.261581 -0.640121 -0.722371
vn 0.159120 -0.817569 -0.553409
vn 0.261581 -0.640121 -0.722371
vn 0.319240 -0.718909 -0.617459
vn 0.532142 -0.716943 0.450352
vn 0.313940 -0.741369 0.593139
vn 0.246171 -0.824504 0.509503
vn 0.532142 -0.716943 0.450352
vn 0.246171 -0.824504 0.509503
vn 0.312699 -0.857696 0.408138
vn 0.138990 -0.686899 0.713339
vn 0.143130 -0.849059 0.508539
vn 0.246171 -0.824504 0.509503
vn 0.138990 -0.686899 0.713339
vn 0.246171 -0.824504 0.509503
vn 0.313940 -0.741369 0.593139
vn 0.144200 -0.945439 0.292150
vn 0.312699 -0.857696 0.408138
vn 0.246171 -0.824504 0.509503
vn 0.144200 -0.945439 0.292150
vn 0.246171 -0.824504 0.509503
vn 0.143130 -0.849059 0.508539
vn -0.014140 0.619102 0.785183
vn 0.065600 0.735749 0.674069
vn 0.030840 0.806001 0.591111
vn -0.014140 0.619102 0.785183
vn 0.030840 0.806001 0.591111
vn -0.011290 0.796821 0.604110
vn 0.148080 0.812147 0.564348
vn 0.069390 0.878148 0.473329
vn 0.030840 0.806001 0.591111
vn 0.148080 0.812147 0.564348
vn 0.030840 0.806001 0.591111
vn 0.065600 0.735749 0.674069
vn -0.003300 0.908910 0.416980
vn -0.011290 0.796821 0.604110
vn 0.030840 0.806001 0.591111
vn -0.003300 0.908910 0.416980
vn 0.030840 0.806001 0.591111
vn 0.069390 0.878148 0.473329
vn 0.536219 0.624649 -0.567699
vn 0.330610 0.814901 -0.476061
vn 0.377419 0.822908 -0.424709
vn 0.536219 0.624649 -0.567699
vn 0.377419 0.822908 -0.424709
vn 0.494050 0.764110 -0.414790
vn 0.167060 0.935502 -0.311331
vn 0.308179 0.906417 -0.288849
vn 0.377419 0.822908 -0.424709
vn 0.167060 0.935502 -0.311331
vn 0.377419 0.822908 -0.424709
vn 0.330610 0.814901 -0.476061
vn 0.464453 0.856845 -0.223831
vn 0.494050 0.764110 -0.414790
vn 0.377419 0.822908 -0.424709
vn 0.464453 0.856845 -0.223831
vn 0.377419 0.822908 -0.424709
vn 0.308179 0.906417 -0.288849
vn -0.672090 -0.662540 0.330660
vn -0.648349 -0.539779 0.536919
vn -0.694044 -0.475653 0.540423
vn -0.672090 -0.662540 0.330660
vn -0.694044 -0.475653 0.540423
vn -0.748091 -0.476870 0.461470
vn -0.562510 -0.440900 0.699420
vn -0.687982 -0.338591 0.641902
vn -0.694044 -0.475653 0.540423
vn -0.562510 -0.440900 0.699420
vn -0.694044 -0.475653 0.540423
vn -0.648349 -0.539779 0.536919
vn -0.777309 -0.248900 0.577789
vn -0.748091 -0.476870 0.461470
vn -0.694044 -0.475653 0.540423
vn -0.777309 -0.248900 0.577789
vn -0.694044 -0.475653 0.540423
vn -0.687982 -0.338591 0.641902
vn -0.172621 -0.729153 0.662222
vn -0.085310 -0.843153 0.530862
vn -0.059030 -0.812448 0.580038
vn -0.172621 -0.729153 0.662222
vn -0.059030 -0.812448 0.580038
vn -0.092640 -0.711120 0.696940
vn -0.010130 -0.910825 0.412668
vn -0.013080 -0.818296 0.574648
vn -0.059030 -0.812448 0.580038
vn -0.010130 -0.910825 0.412668
vn -0.059030 -0.812448 0.580038
vn -0.085310 -0.843153 0.530862
vn -0.033490 -0.681190 0.731340
vn -0.092640 -0.711120 0.696940
vn -0.059030 -0.812448 0.580038
vn -0.033490 -0.681190 0.731340
vn -0.059030 -0.812448 0.580038
vn -0.013080 -0.818296 0.574648
vn -0.158239 -0.945947 0.283099
vn -0.083030 -0.988014 0.130131
vn -0.051540 -0.977542 0.204340
vn -0.158239 -0.945947 0.283099
vn -0.051540 -0.977542 0.204340
vn -0.084160 -0.934541 0.345760
vn -0.005720 -0.999876 0.014690
vn -0.008020 -0.980115 0.198271
vn -0.051540 -0.977542 0.204340
vn -0.005720 -0.999876 0.014690
vn -0.051540 -0.977542 0.204340
vn -0.083030 -0.988014 0.130131
vn -0.010130 -0.910825 0.412668
vn -0.084160 -0.934541 0.345760
vn -0.051540 -0.977542 0.204340
vn -0.010130 -0.910825 0.412668
vn -0.051540 -0.977542 0.204340
vn -0.008020 -0.980115 0.198271
vn -0.777309 -0.248900 0.577789
vn -0.703289 -0.102410 0.703489
vn -0.730585 0.032160 0.682064
vn -0.777309 -0.248900 0.577789
vn -0.730585 0.032160 0.682064
vn -0.745354 0.034170 0.665793
vn -0.579989 -0.018760 0.814408
vn -0.698430 0.128650 0.704020
vn -0.730585 0.032160 0.682064
vn -0.579989 -0.018760 0.814408
vn -0.730585 0.032160 0.682064
vn -0.703289 -0.102410 0.703489
vn -0.690389 0.444609 0.570689
vn -0.745354 0.034170 0.665793
vn -0.730585 0.032160 0.682064
vn -0.690389 0.444609 0.570689
vn -0.730585 0.032160 0.682064
vn -0.698430 0.128650 0.704020
vn -0.497909 0.227059 -0.836977
vn -0.528558 0.364358 -0.766727
vn -0.546673 0.418482 -0.725274
vn -0.497909 0.227059 -0.836977
vn -0.546673 0.418482 -0.725274
vn -0.581041 0.312350 -0.751551
vn -0.661249 0.316610 -0.680079
vn -0.618589 0.432980 -0.655649
vn -0.546673 0.418482 -0.725274
vn -0.661249 0.316610 -0.680079
vn -0.546673 0.418482 -0.725274
vn -0.528558 0.364358 -0.766727
vn -0.674448 0.266629 -0.688498
vn -0.581041 0.312350 -0.751551
vn -0.546673 0.418482 -0.725274
vn -0.674448 0.266629 -0.688498
vn -0.546673 0.418482 -0.725274
vn -0.618589 0.432980 -0.655649
vn -0.407532 -0.007120 -0.913163
vn -0.288509 -0.001170 -0.957476
vn -0.178460 0.034580 -0.983339
vn -0.407532 -0.007120 -0.913163
vn -0.178460 0.034580 -0.983339
vn -0.222150 0.065820 -0.972788
vn -0.243620 -0.021520 -0.969632
vn -0.170960 -0.017020 -0.985131
vn -0.178460 0.034580 -0.983339
vn -0.243620 -0.021520 -0.969632
vn -0.178460 0.034580 -0.983339
vn -0.288509 -0.001170 -0.957476
vn -0.228950 -0.031700 -0.972922
vn -0.222150 0.065820 -0.972788
vn -0.178460 0.034580 -0.983339
vn -0.228950 -0.031700 -0.972922
vn -0.178460 0.034580 -0.983339
vn -0.170960 -0.017020 -0.985131
vn 0.014810 0.640639 -0.767699
vn 0.096990 0.454858 -0.885267
vn 0.070490 0.409909 -0.909398
vn 0.014810 0.640639 -0.767699
vn 0.070490 0.409909 -0.909398
vn 0.027360 0.427941 -0.903392
vn 0.166329 0.178679 -0.969747
vn 0.101330 0.209961 -0.972445
vn 0.070490 0.409909 -0.909398
vn 0.166329 0.178679 -0.969747
vn 0.070490 0.409909 -0.909398
vn 0.096990 0.454858 -0.885267
vn 0.008310 0.213210 -0.976971
vn 0.027360 0.427941 -0.903392
vn 0.070490 0.409909 -0.909398
vn 0.008310 0.213210 -0.976971
vn 0.070490 0.409909 -0.909398
vn 0.101330 0.209961 -0.972445
vn 0.722748 0.574198 0.384619
vn 0.605460 0.760610 0.234290
vn 0.574688 0.766128 0.287719
vn 0.722748 0.574198 0.384619
vn 0.574688 0.766128 0.287719
vn 0.606160 0.686650 0.401350
vn 0.523169 0.845629 0.105860
vn 0.492920 0.825530 0.274830
vn 0.574688 0.766128 0.287719
vn 0.523169 0.845629 0.105860
vn 0.574688 0.766128 0.287719
vn 0.605460 0.760610 0.234290
vn 0.496614 0.766616 0.407033
vn 0.606160 0.686650 0.401350
vn 0.574688 0.766128 0.287719
vn 0.496614 0.766616 0.407033
vn 0.574688 0.766128 0.287719
vn 0.492920 0.825530 0.274830
vn 0.157790 0.413580 0.896690
vn 0.311159 0.270099 0.911168
vn 0.393109 0.382499 0.836158
vn 0.157790 0.413580 0.896690
vn 0.393109 0.382499 0.836158
vn 0.321530 0.507900 0.799160
vn 0.475969 0.107980 0.872808
vn 0.529672 0.330741 0.781062
vn 0.393109 0.382499 0.836158
vn 0.475969 0.107980 0.872808
vn 0.393109 0.382499 0.836158
vn 0.311159 0.270099 0.911168
vn 0.518102 0.501882 0.692593
vn 0.321530 0.507900 0.799160
vn 0.393109 0.382499 0.836158
vn 0.518102 0.501882 0.692593
vn 0.393109 0.382499 0.836158
vn 0.529672 0.330741 0.781062
vn 0.021840 -0.231960 -0.972480
vn 0.105080 -0.067730 -0.992155
vn 0.138410 -0.158680 -0.977580
vn 0.021840 -0.231960 -0.972480
vn 0.138410 -0.158680 -0.977580
vn 0.102731 -0.314132 -0.943805
vn 0.166329 0.178679 -0.969747
vn 0.179149 -0.143320 -0.973327
vn 0.138410 -0.158680 -0.977580
vn 0.166329 0.178679 -0.969747
vn 0.138410 -0.158680 -0.977580
vn 0.105080 -0.067730 -0.992155
vn 0.183961 -0.422511 -0.887492
vn 0.102731 -0.314132 -0.943805
vn 0.138410 -0.158680 -0.977580
vn 0.183961 -0.422511 -0.887492
vn 0.138410 -0.158680 -0.977580
vn 0.179149 -0.143320 -0.973327
vn -0.162090 0.182720 0.969711
vn -0.094580 -0.085100 0.991873
vn -0.066850 -0.051040 0.996457
vn -0.162090 0.182720 0.969711
vn -0.066850 -0.051040 0.996457
vn -0.092260 0.178391 0.979625
vn -0.012700 -0.307618 0.951425
vn -0.018860 -0.082360 0.996424
vn -0.066850 -0.051040 0.996457
vn -0.012700 -0.307618 0.951425
vn -0.066850 -0.051040 0.996457
vn -0.094580 -0.085100 0.991873
vn 0.006010 0.171451 0.985174
vn -0.092260 0.178391 0.979625
vn -0.066850 -0.051040 0.996457
vn 0.006010 0.171451 0.985174
vn -0.066850 -0.051040 0.996457
vn -0.018860 -0.082360 0.996424
vn 0.518102 0.501882 0.692593
vn 0.307569 0.693197 0.651827
vn 0.249080 0.626711 0.738371
vn 0.518102 0.501882 0.692593
vn 0.249080 0.626711 0.738371
vn 0.321530 0.507900 0.799160
vn 0.148080 0.812147 0.564348
vn 0.152270 0.641710 0.751680
vn 0.249080 0.626711 0.738371
vn 0.148080 0.812147 0.564348
vn 0.249080 0.626711 0.738371
vn 0.307569 0.693197 0.651827
vn 0.157790 0.413580 0.896690
vn 0.321530 0.507900 0.799160
vn 0.249080 0.626711 0.738371
vn 0.157790 0.413580 0.896690
vn 0.249080 0.626711 0.738371
vn 0.152270 0.641710 0.751680
vn 0.172230 0.976898 0.126520
vn 0.078540 0.959471 0.270640
vn 0.110220 0.927418 0.357419
vn 0.172230 0.976898 0.126520
vn 0.110220 0.927418 0.357419
vn 0.152950 0.922689 0.353909
vn -0.003300 0.908910 0.416980
vn 0.069390 0.878148 0.473329
vn 0.110220 0.927418 0.357419
vn -0.003300 0.908910 0.416980
vn 0.110220 0.927418 0.357419
vn 0.078540 0.959471 0.270640
vn 0.148080 0.812147 0.564348
vn 0.152950 0.922689 0.353909
vn 0.110220 0.927418 0.357419
vn 0.148080 0.812147 0.564348
vn 0.110220 0.927418 0.357419
vn 0.069390 0.878148 0.473329
vn 0.770145 -0.012610 -0.637744
vn 0.661066 0.344308 -0.666666
vn 0.731030 0.308430 -0.608660
vn 0.770145 -0.012610 -0.637744
vn 0.731030 0.308430 -0.608660
vn 0.870755 0.087239 -0.483917
vn 0.536219 0.624649 -0.567699
vn 0.649020 0.512460 -0.562280
vn 0.731030 0.308430 -0.608660
vn 0.536219 0.624649 -0.567699
vn 0.731030 0.308430 -0.608660
vn 0.661066 0.344308 -0.666666
vn 0.968200 0.178640 -0.175150
vn 0.870755 0.087239 -0.483917
vn 0.731030 0.308430 -0.608660
vn 0.968200 0.178640 -0.175150
vn 0.731030 0.308430 -0.608660
vn 0.649020 0.512460 -0.562280
vn -0.089210 0.008220 -0.995979
vn -0.047430 -0.115390 -0.992187
vn -0.077400 -0.166660 -0.982972
vn -0.089210 0.008220 -0.995979
vn -0.077400 -0.166660 -0.982972
vn -0.120760 -0.144480 -0.982111
vn 0.021840 -0.231960 -0.972480
vn -0.057410 -0.301119 -0.951857
vn -0.077400 -0.166660 -0.982972
vn 0.021840 -0.231960 -0.972480
vn -0.077400 -0.166660 -0.982972
vn -0.047430 -0.115390 -0.992187
vn -0.114510 -0.309280 -0.944051
vn -0.120760 -0.144480 -0.982111
vn -0.077400 -0.166660 -0.982972
vn -0.114510 -0.309280 -0.944051
vn -0.077400 -0.166660 -0.982972
vn -0.057410 -0.301119 -0.951857
vn -0.579989 -0.018760 0.814408
vn -0.372311 -0.165881 0.913164
vn -0.291699 -0.082480 0.952947
vn -0.579989 -0.018760 0.814408
vn -0.291699 -0.082480 0.952947
vn -0.360260 0.055640 0.931191
vn -0.189370 -0.336181 0.922562
vn -0.190131 -0.107690 0.975835
vn -0.291699 -0.082480 0.952947
vn -0.189370 -0.336181 0.922562
vn -0.291699 -0.082480 0.952947
vn -0.372311 -0.165881 0.913164
vn -0.162090 0.182720 0.969711
vn -0.360260 0.055640 0.931191
vn -0.291699 -0.082480 0.952947
vn -0.162090 0.182720 0.969711
vn -0.291699 -0.082480 0.952947
vn -0.190131 -0.107690 0.975835
vn 0.167060 0.935502 -0.311331
vn 0.086590 0.987773 -0.129640
vn 0.113570 0.990673 -0.075290
vn 0.167060 0.935502 -0.311331
vn 0.113570 0.990673 -0.075290
vn 0.163399 0.981886 -0.095920
vn 0.005770 0.999805 0.018860
vn 0.081050 0.995167 0.055450
vn 0.113570 0.990673 -0.075290
vn 0.005770 0.999805 0.018860
vn 0.113570 0.990673 -0.075290
vn 0.086590 0.987773 -0.129640
vn 0.172230 0.976898 0.126520
vn 0.163399 0.981886 -0.095920
vn 0.113570 0.990673 -0.075290
vn 0.172230 0.976898 0.126520
vn 0.113570 0.990673 -0.075290
vn 0.081050 0.995167 0.055450
vn 0.847178 -0.499249 0.181770
vn 0.825065 -0.528113 -0.200911
vn 0.873778 -0.366849 -0.319269
vn 0.847178 -0.499249 0.181770
vn 0.873778 -0.366849 -0.319269
vn 0.905989 -0.380429 -0.185630
vn 0.712090 -0.443690 -0.544120
vn 0.802335 -0.229151 -0.551133
vn 0.873778 -0.366849 -0.319269
vn 0.712090 -0.443690 -0.544120
vn 0.873778 -0.366849 -0.319269
vn 0.825065 -0.528113 -0.200911
vn 0.770145 -0.012610 -0.637744
vn 0.905989 -0.380429 -0.185630
vn 0.873778 -0.366849 -0.319269
vn 0.770145 -0.012610 -0.637744
vn 0.873778 -0.366849 -0.319269
vn 0.802335 -0.229151 -0.551133
vn 0.457190 -0.885020 0.087850
vn 0.292749 -0.956107 -0.012550
vn 0.367452 -0.922925 -0.114841
vn 0.457190 -0.885020 0.087850
vn 0.367452 -0.922925 -0.114841
vn 0.490969 -0.865407 -0.100100
vn 0.148840 -0.979883 -0.132950
vn 0.308809 -0.924487 -0.223519
vn 0.367452 -0.922925 -0.114841
vn 0.148840 -0.979883 -0.132950
vn 0.367452 -0.922925 -0.114841
vn 0.292749 -0.956107 -0.012550
vn 0.500209 -0.814058 -0.295129
vn 0.490969 -0.865407 -0.100100
vn 0.367452 -0.922925 -0.114841
vn 0.500209 -0.814058 -0.295129
vn 0.367452 -0.922925 -0.114841
vn 0.308809 -0.924487 -0.223519
vn -0.012700 -0.307618 0.951425
vn 0.072820 -0.278640 0.957631
vn 0.033670 -0.110670 0.993287
vn -0.012700 -0.307618 0.951425
vn 0.033670 -0.110670 0.993287
vn -0.018860 -0.082360 0.996424
vn 0.163020 -0.167390 0.972320
vn 0.079970 0.011480 0.996731
vn 0.033670 -0.110670 0.993287
vn 0.163020 -0.167390 0.972320
vn 0.033670 -0.110670 0.993287
vn 0.072820 -0.278640 0.957631
vn 0.006010 0.171451 0.985174
vn -0.018860 -0.082360 0.996424
vn 0.033670 -0.110670 0.993287
vn 0.006010 0.171451 0.985174
vn 0.033670 -0.110670 0.993287
vn 0.079970 0.011480 0.996731
vn 0.169740 0.689452 -0.704162
vn 0.087840 0.836119 -0.541469
vn 0.116090 0.862176 -0.493128
vn 0.169740 0.689452 -0.704162
vn 0.116090 0.862176 -0.493128
vn 0.172920 0.841480 -0.511870
vn 0.013830 0.924187 -0.381689
vn 0.087990 0.934613 -0.344611
vn 0.116090 0.862176 -0.493128
vn 0.013830 0.924187 -0.381689
vn 0.116090 0.862176 -0.493128
vn 0.087840 0.836119 -0.541469
vn 0.167060 0.935502 -0.311331
vn 0.172920 0.841480 -0.511870
vn 0.116090 0.862176 -0.493128
vn 0.167060 0.935502 -0.311331
vn 0.116090 0.862176 -0.493128
vn 0.087990 0.934613 -0.344611
vn 0.138990 -0.686899 0.713339
vn 0.074410 -0.504500 0.860200
vn 0.042720 -0.536120 0.843060
vn 0.138990 -0.686899 0.713339
vn 0.042720 -0.536120 0.843060
vn 0.066330 -0.699781 0.711271
vn -0.012700 -0.307618 0.951425
vn -0.009240 -0.504753 0.863215
vn 0.042720 -0.536120 0.843060
vn -0.012700 -0.307618 0.951425
vn 0.042720 -0.536120 0.843060
vn 0.074410 -0.504500 0.860200
vn -0.033490 -0.681190 0.731340
vn 0.066330 -0.699781 0.711271
vn 0.042720 -0.536120 0.843060
vn -0.033490 -0.681190 0.731340
vn 0.042720 -0.536120 0.843060
vn -0.009240 -0.504753 0.863215
vn 0.013830 0.924187 -0.381689
vn -0.066010 0.969606 -0.235599
vn -0.033590 0.987800 -0.152060
vn 0.013830 0.924187 -0.381689
vn -0.033590 0.987800 -0.152060
vn 0.010600 0.985532 -0.169160
vn -0.139870 0.985387 -0.097210
vn -0.067230 0.997537 -0.020030
vn -0.033590 0.987800 -0.152060
vn -0.139870 0.985387 -0.097210
vn -0.033590 0.987800 -0.152060
vn -0.066010 0.969606 -0.235599
vn 0.005770 0.999805 0.018860
vn 0.010600 0.985532 -0.169160
vn -0.033590 0.987800 -0.152060
vn 0.005770 0.999805 0.018860
vn -0.033590 0.987800 -0.152060
vn -0.067230 0.997537 -0.020030
vn -0.923409 -0.002440 0.383810
vn -0.937711 -0.234110 0.256690
vn -0.914402 -0.251640 0.317091
vn -0.923409 -0.002440 0.383810
vn -0.914402 -0.251640 0.317091
vn -0.874480 -0.160470 0.457750
vn -0.913339 -0.403489 0.054850
vn -0.888269 -0.331050 0.318410
vn -0.914402 -0.251640 0.317091
vn -0.913339 -0.403489 0.054850
vn -0.914402 -0.251640 0.317091
vn -0.937711 -0.234110 0.256690
vn -0.777309 -0.248900 0.577789
vn -0.874480 -0.160470 0.457750
vn -0.914402 -0.251640 0.317091
vn -0.777309 -0.248900 0.577789
vn -0.914402 -0.251640 0.317091
vn -0.888269 -0.331050 0.318410
vn -0.875052 0.237580 -0.421711
vn -0.879883 0.349411 -0.322051
vn -0.831365 0.417742 -0.366502
vn -0.875052 0.237580 -0.421711
vn -0.831365 0.417742 -0.366502
vn -0.807088 0.401829 -0.432599
vn -0.874989 0.305470 -0.375610
vn -0.834933 0.317871 -0.449272
vn -0.831365 0.417742 -0.366502
vn -0.874989 0.305470 -0.375610
vn -0.831365 0.417742 -0.366502
vn -0.879883 0.349411 -0.322051
vn -0.774828 0.353439 -0.524139
vn -0.807088 0.401829 -0.432599
vn -0.831365 0.417742 -0.366502
vn -0.774828 0.353439 -0.524139
vn -0.831365 0.417742 -0.366502
vn -0.834933 0.317871 -0.449272
vn -0.003540 -0.659498 -0.751698
vn -0.066790 -0.752913 -0.654722
vn -0.098550 -0.695503 -0.711733
vn -0.003540 -0.659498 -0.751698
vn -0.098550 -0.695503 -0.711733
vn -0.070050 -0.603744 -0.794095
vn -0.143410 -0.843690 -0.517320
vn -0.129540 -0.699622 -0.702672
vn -0.098550 -0.695503 -0.711733
vn -0.143410 -0.843690 -0.517320
vn -0.098550 -0.695503 -0.711733
vn -0.066790 -0.752913 -0.654722
vn -0.186841 -0.560283 -0.806954
vn -0.070050 -0.603744 -0.794095
vn -0.098550 -0.695503 -0.711733
vn -0.186841 -0.560283 -0.806954
vn -0.098550 -0.695503 -0.711733
vn -0.129540 -0.699622 -0.702672
vn -0.592609 -0.309710 -0.743569
vn -0.482840 -0.505000 -0.715430
vn -0.394911 -0.521542 -0.756333
vn -0.592609 -0.309710 -0.743569
vn -0.394911 -0.521542 -0.756333
vn -0.466160 -0.332870 -0.819690
vn -0.520959 -0.397269 -0.755499
vn -0.371619 -0.467189 -0.802268
vn -0.394911 -0.521542 -0.756333
vn -0.520959 -0.397269 -0.755499
vn -0.394911 -0.521542 -0.756333
vn -0.482840 -0.505000 -0.715430
vn -0.368380 -0.274750 -0.888149
vn -0.466160 -0.332870 -0.819690
vn -0.394911 -0.521542 -0.756333
vn -0.368380 -0.274750 -0.888149
vn -0.394911 -0.521542 -0.756333
vn -0.371619 -0.467189 -0.802268
vn 0.500209 -0.814058 -0.295129
vn 0.604932 -0.778512 -0.167261
vn 0.566191 -0.820552 -0.078250
vn 0.500209 -0.814058 -0.295129
vn 0.566191 -0.820552 -0.078250
vn 0.490969 -0.865407 -0.100100
vn 0.640711 -0.767781 0.001650
vn 0.585820 -0.807970 0.063250
vn 0.566191 -0.820552 -0.078250
vn 0.640711 -0.767781 0.001650
vn 0.566191 -0.820552 -0.078250
vn 0.604932 -0.778512 -0.167261
vn 0.457190 -0.885020 0.087850
vn 0.490969 -0.865407 -0.100100
vn 0.566191 -0.820552 -0.078250
vn 0.457190 -0.885020 0.087850
vn 0.566191 -0.820552 -0.078250
vn 0.585820 -0.807970 0.063250
vn 0.006010 0.171451 0.985174
vn 0.075570 0.287529 0.954786
vn 0.030570 0.413309 0.910078
vn 0.006010 0.171451 0.985174
vn 0.030570 0.413309 0.910078
vn -0.017560 0.401890 0.915520
vn 0.157790 0.413580 0.896690
vn 0.068700 0.538171 0.840031
vn 0.030570 0.413309 0.910078
vn 0.157790 0.413580 0.896690
vn 0.030570 0.413309 0.910078
vn 0.075570 0.287529 0.954786
vn -0.014140 0.619102 0.785183
vn -0.017560 0.401890 0.915520
vn 0.030570 0.413309 0.910078
vn -0.014140 0.619102 0.785183
vn 0.030570 0.413309 0.910078
vn 0.068700 0.538171 0.840031
vn 0.496614 0.766616 0.407033
vn 0.299690 0.906891 0.296200
vn 0.246919 0.898486 0.362979
vn 0.496614 0.766616 0.407033
vn 0.246919 0.898486 0.362979
vn 0.303350 0.832399 0.463779
vn 0.172230 0.976898 0.126520
vn 0.152950 0.922689 0.353909
vn 0.246919 0.898486 0.362979
vn 0.172230 0.976898 0.126520
vn 0.246919 0.898486 0.362979
vn 0.299690 0.906891 0.296200
vn 0.148080 0.812147 0.564348
vn 0.303350 0.832399 0.463779
vn 0.246919 0.898486 0.362979
vn 0.148080 0.812147 0.564348
vn 0.246919 0.898486 0.362979
vn 0.152950 0.922689 0.353909
vn -0.100860 0.351091 -0.930893
vn -0.046210 0.311870 -0.949000
vn -0.075810 0.191030 -0.978652
vn -0.100860 0.351091 -0.930893
vn -0.075810 0.191030 -0.978652
vn -0.111400 0.183361 -0.976713
vn 0.008310 0.213210 -0.976971
vn -0.048070 0.090220 -0.994761
vn -0.075810 0.191030 -0.978652
vn 0.008310 0.213210 -0.976971
vn -0.075810 0.191030 -0.978652
vn -0.046210 0.311870 -0.949000
vn -0.089210 0.008220 -0.995979
vn -0.111400 0.183361 -0.976713
vn -0.075810 0.191030 -0.978652
vn -0.089210 0.008220 -0.995979
vn -0.075810 0.191030 -0.978652
vn -0.048070 0.090220 -0.994761
vn -0.661249 0.316610 -0.680079
vn -0.719889 0.424079 -0.549469
vn -0.680498 0.457149 -0.572658
vn -0.661249 0.316610 -0.680079
vn -0.680498 0.457149 -0.572658
vn -0.618589 0.432980 -0.655649
vn -0.774828 0.353439 -0.524139
vn -0.709748 0.386199 -0.589159
vn -0.680498 0.457149 -0.572658
vn -0.774828 0.353439 -0.524139
vn -0.680498 0.457149 -0.572658
vn -0.719889 0.424079 -0.549469
vn -0.674448 0.266629 -0.688498
vn -0.618589 0.432980 -0.655649
vn -0.680498 0.457149 -0.572658
vn -0.674448 0.266629 -0.688498
vn -0.680498 0.457149 -0.572658
vn -0.709748 0.386199 -0.589159
vn -0.722561 -0.062770 -0.688451
vn -0.827764 0.090600 -0.553713
vn -0.788978 0.152490 -0.595198
vn -0.722561 -0.062770 -0.688451
vn -0.788978 0.152490 -0.595198
vn -0.714576 0.124629 -0.688366
vn -0.875052 0.237580 -0.421711
vn -0.787702 0.273251 -0.552141
vn -0.788978 0.152490 -0.595198
vn -0.875052 0.237580 -0.421711
vn -0.788978 0.152490 -0.595198
vn -0.827764 0.090600 -0.553713
vn -0.661249 0.316610 -0.680079
vn -0.714576 0.124629 -0.688366
vn -0.788978 0.152490 -0.595198
vn -0.661249 0.316610 -0.680079
vn -0.788978 0.152490 -0.595198
vn -0.787702 0.273251 -0.552141
vn -0.143410 -0.843690 -0.517320
vn -0.260291 -0.892942 -0.367291
vn -0.333640 -0.861769 -0.382150
vn -0.143410 -0.843690 -0.517320
vn -0.333640 -0.861769 -0.382150
vn -0.292339 -0.850007 -0.438208
vn -0.412702 -0.877693 -0.243581
vn -0.449520 -0.828329 -0.334370
vn -0.333640 -0.861769 -0.382150
vn -0.412702 -0.877693 -0.243581
vn -0.333640 -0.861769 -0.382150
vn -0.260291 -0.892942 -0.367291
vn -0.474839 -0.763178 -0.438279
vn -0.292339 -0.850007 -0.438208
vn -0.333640 -0.861769 -0.382150
vn -0.474839 -0.763178 -0.438279
vn -0.333640 -0.861769 -0.382150
vn -0.449520 -0.828329 -0.334370
vn -0.474839 -0.763178 -0.438279
vn -0.460691 -0.681051 -0.569151
vn -0.312460 -0.792069 -0.524400
vn -0.474839 -0.763178 -0.438279
vn -0.312460 -0.792069 -0.524400
vn -0.292339 -0.850007 -0.438208
vn -0.467551 -0.566931 -0.678222
vn -0.249029 -0.767748 -0.590379
vn -0.312460 -0.792069 -0.524400
vn -0.467551 -0.566931 -0.678222
vn -0.312460 -0.792069 -0.524400
vn -0.460691 -0.681051 -0.569151
vn -0.143410 -0.843690 -0.517320
vn -0.292339 -0.850007 -0.438208
vn -0.312460 -0.792069 -0.524400
vn -0.143410 -0.843690 -0.517320
vn -0.312460 -0.792069 -0.524400
vn -0.249029 -0.767748 -0.590379
vn -0.676089 -0.717799 -0.166340
vn -0.643040 -0.735290 -0.214120
vn -0.601802 -0.793533 -0.090220
vn -0.676089 -0.717799 -0.166340
vn -0.601802 -0.793533 -0.090220
vn -0.605060 -0.796180 -0.000480
vn -0.651122 -0.700542 -0.292031
vn -0.591003 -0.803385 -0.072720
vn -0.601802 -0.793533 -0.090220
vn -0.651122 -0.700542 -0.292031
vn -0.601802 -0.793533 -0.090220
vn -0.643040 -0.735290 -0.214120
vn -0.494958 -0.864177 0.090640
vn -0.605060 -0.796180 -0.000480
vn -0.601802 -0.793533 -0.090220
vn -0.494958 -0.864177 0.090640
vn -0.601802 -0.793533 -0.090220
vn -0.591003 -0.803385 -0.072720
vn 0.005770 0.999805 0.018860
vn -0.071560 0.983989 0.163230
vn -0.042530 0.973278 0.225659
vn 0.005770 0.999805 0.018860
vn -0.042530 0.973278 0.225659
vn 0.000480 0.978497 0.206259
vn -0.147820 0.935740 0.320220
vn -0.073310 0.922594 0.378742
vn -0.042530 0.973278 0.225659
vn -0.147820 0.935740 0.320220
vn -0.042530 0.973278 0.225659
vn -0.071560 0.983989 0.163230
vn -0.003300 0.908910 0.416980
vn 0.000480 0.978497 0.206259
vn -0.042530 0.973278 0.225659
vn -0.003300 0.908910 0.416980
vn -0.042530 0.973278 0.225659
vn -0.073310 0.922594 0.378742
vn -0.932522 -0.088580 -0.350081
vn -0.954073 -0.176031 -0.242401
vn -0.975855 -0.095771 -0.196301
vn -0.932522 -0.088580 -0.350081
vn -0.975855 -0.095771 -0.196301
vn -0.974027 -0.006180 -0.226349
vn -0.880149 -0.066980 -0.469949
vn -0.922080 -0.047290 -0.384100
vn -0.975855 -0.095771 -0.196301
vn -0.880149 -0.066980 -0.469949
vn -0.975855 -0.095771 -0.196301
vn -0.954073 -0.176031 -0.242401
vn -0.849047 0.025360 -0.527708
vn -0.974027 -0.006180 -0.226349
vn -0.975855 -0.095771 -0.196301
vn -0.849047 0.025360 -0.527708
vn -0.975855 -0.095771 -0.196301
vn -0.922080 -0.047290 -0.384100
vn 0.536219 0.624649 -0.567699
vn 0.596960 0.693470 -0.403410
vn 0.694202 0.565082 -0.445831
vn 0.536219 0.624649 -0.567699
vn 0.694202 0.565082 -0.445831
vn 0.649020 0.512460 -0.562280
vn 0.619242 0.772422 -0.141080
vn 0.794376 0.528927 -0.298668
vn 0.694202 0.565082 -0.445831
vn 0.619242 0.772422 -0.141080
vn 0.694202 0.565082 -0.445831
vn 0.596960 0.693470 -0.403410
vn 0.968200 0.178640 -0.175150
vn 0.649020 0.512460 -0.562280
vn 0.694202 0.565082 -0.445831
vn 0.968200 0.178640 -0.175150
vn 0.694202 0.565082 -0.445831
vn 0.794376 0.528927 -0.298668
vn -0.493201 0.852182 0.174750
vn -0.560781 0.825361 0.065600
vn -0.592271 0.796822 0.119540
vn -0.493201 0.852182 0.174750
vn -0.592271 0.796822 0.119540
vn -0.586719 0.760789 0.277420
vn -0.603588 0.773898 -0.191739
vn -0.623448 0.777777 0.079850
vn -0.592271 0.796822 0.119540
vn -0.603588 0.773898 -0.191739
vn -0.592271 0.796822 0.119540
vn -0.560781 0.825361 0.065600
vn -0.696378 0.654008 0.295519
vn -0.586719 0.760789 0.277420
vn -0.592271 0.796822 0.119540
vn -0.696378 0.654008 0.295519
vn -0.592271 0.796822 0.119540
vn -0.623448 0.777777 0.079850
vn -0.932522 -0.088580 -0.350081
vn -0.965447 0.079870 -0.248059
vn -0.951892 0.120000 -0.281961
vn -0.932522 -0.088580 -0.350081
vn -0.951892 0.120000 -0.281961
vn -0.916955 0.082810 -0.390302
vn -0.908522 0.094710 -0.406961
vn -0.942299 0.202370 -0.266680
vn -0.951892 0.120000 -0.281961
vn -0.908522 0.094710 -0.406961
vn -0.951892 0.120000 -0.281961
vn -0.965447 0.079870 -0.248059
vn -0.875052 0.237580 -0.421711
vn -0.916955 0.082810 -0.390302
vn -0.951892 0.120000 -0.281961
vn -0.875052 0.237580 -0.421711
vn -0.951892 0.120000 -0.281961
vn -0.942299 0.202370 -0.266680
vn -0.722561 -0.062770 -0.688451
vn -0.756270 -0.240860 -0.608310
vn -0.825856 -0.191969 -0.530198
vn -0.722561 -0.062770 -0.688451
vn -0.825856 -0.191969 -0.530198
vn -0.847138 -0.063800 -0.527529
vn -0.760928 -0.377159 -0.527958
vn -0.859180 -0.255860 -0.443110
vn -0.825856 -0.191969 -0.530198
vn -0.760928 -0.377159 -0.527958
vn -0.825856 -0.191969 -0.530198
vn -0.756270 -0.240860 -0.608310
vn -0.932522 -0.088580 -0.350081
vn -0.847138 -0.063800 -0.527529
vn -0.825856 -0.191969 -0.530198
vn -0.932522 -0.088580 -0.350081
vn -0.825856 -0.191969 -0.530198
vn -0.859180 -0.255860 -0.443110
vn -0.760928 -0.377159 -0.527958
vn -0.756270 -0.240860 -0.608310
vn -0.680669 -0.298369 -0.669079
vn -0.760928 -0.377159 -0.527958
vn -0.680669 -0.298369 -0.669079
vn -0.646848 -0.391249 -0.654608
vn -0.722561 -0.062770 -0.688451
vn -0.628951 -0.247040 -0.737151
vn -0.680669 -0.298369 -0.669079
vn -0.722561 -0.062770 -0.688451
vn -0.680669 -0.298369 -0.669079
vn -0.756270 -0.240860 -0.608310
vn -0.520959 -0.397269 -0.755499
vn -0.646848 -0.391249 -0.654608
vn -0.680669 -0.298369 -0.669079
vn -0.520959 -0.397269 -0.755499
vn -0.680669 -0.298369 -0.669079
vn -0.628951 -0.247040 -0.737151
vn -0.132419 0.865657 -0.482808
vn -0.053250 0.774872 -0.629871
vn -0.087280 0.725842 -0.682302
vn -0.132419 0.865657 -0.482808
vn -0.087280 0.725842 -0.682302
vn -0.116160 0.731612 -0.671752
vn 0.014810 0.640639 -0.767699
vn -0.056220 0.629690 -0.774810
vn -0.087280 0.725842 -0.682302
vn 0.014810 0.640639 -0.767699
vn -0.087280 0.725842 -0.682302
vn -0.053250 0.774872 -0.629871
vn -0.152810 0.595100 -0.788990
vn -0.116160 0.731612 -0.671752
vn -0.087280 0.725842 -0.682302
vn -0.152810 0.595100 -0.788990
vn -0.087280 0.725842 -0.682302
vn -0.056220 0.629690 -0.774810
vn 0.464453 0.856845 -0.223831
vn 0.304859 0.949596 -0.073000
vn 0.368569 0.929198 -0.027330
vn 0.464453 0.856845 -0.223831
vn 0.368569 0.929198 -0.027330
vn 0.484561 0.872292 -0.065630
vn 0.172230 0.976898 0.126520
vn 0.329942 0.938825 0.098721
vn 0.368569 0.929198 -0.027330
vn 0.172230 0.976898 0.126520
vn 0.368569 0.929198 -0.027330
vn 0.304859 0.949596 -0.073000
vn 0.523169 0.845629 0.105860
vn 0.484561 0.872292 -0.065630
vn 0.368569 0.929198 -0.027330
vn 0.523169 0.845629 0.105860
vn 0.368569 0.929198 -0.027330
vn 0.329942 0.938825 0.098721
vn -0.397451 0.634052 -0.663332
vn -0.419939 0.744877 -0.518468
vn -0.293819 0.820887 -0.489708
vn -0.397451 0.634052 -0.663332
vn -0.293819 0.820887 -0.489708
vn -0.227860 0.799069 -0.556389
vn -0.475139 0.765688 -0.433549
vn -0.283061 0.871354 -0.400772
vn -0.293819 0.820887 -0.489708
vn -0.475139 0.765688 -0.433549
vn -0.293819 0.820887 -0.489708
vn -0.419939 0.744877 -0.518468
vn -0.132419 0.865657 -0.482808
vn -0.227860 0.799069 -0.556389
vn -0.293819 0.820887 -0.489708
vn -0.132419 0.865657 -0.482808
vn -0.293819 0.820887 -0.489708
vn -0.283061 0.871354 -0.400772
vn -0.114510 -0.309280 -0.944051
vn -0.065990 -0.485810 -0.871570
vn -0.086690 -0.489880 -0.867469
vn -0.114510 -0.309280 -0.944051
vn -0.086690 -0.489880 -0.867469
vn -0.121250 -0.456120 -0.881620
vn -0.003540 -0.659498 -0.751698
vn -0.070050 -0.603744 -0.794095
vn -0.086690 -0.489880 -0.867469
vn -0.003540 -0.659498 -0.751698
vn -0.086690 -0.489880 -0.867469
vn -0.065990 -0.485810 -0.871570
vn -0.186841 -0.560283 -0.806954
vn -0.121250 -0.456120 -0.881620
vn -0.086690 -0.489880 -0.867469
vn -0.186841 -0.560283 -0.806954
vn -0.086690 -0.489880 -0.867469
vn -0.070050 -0.603744 -0.794095
vn -0.651122 -0.700542 -0.292031
vn -0.568250 -0.796500 -0.206590
vn -0.559931 -0.821581 -0.107150
vn -0.651122 -0.700542 -0.292031
vn -0.559931 -0.821581 -0.107150
vn -0.591003 -0.803385 -0.072720
vn -0.412702 -0.877693 -0.243581
vn -0.463548 -0.882816 -0.075890
vn -0.559931 -0.821581 -0.107150
vn -0.412702 -0.877693 -0.243581
vn -0.559931 -0.821581 -0.107150
vn -0.568250 -0.796500 -0.206590
vn -0.494958 -0.864177 0.090640
vn -0.591003 -0.803385 -0.072720
vn -0.559931 -0.821581 -0.107150
vn -0.494958 -0.864177 0.090640
vn -0.559931 -0.821581 -0.107150
vn -0.463548 -0.882816 -0.075890
vn -0.243620 -0.021520 -0.969632
vn -0.281901 -0.040390 -0.958593
vn -0.156691 -0.079480 -0.984444
vn -0.243620 -0.021520 -0.969632
vn -0.156691 -0.079480 -0.984444
vn -0.170960 -0.017020 -0.985131
vn -0.436219 0.065580 -0.897448
vn -0.191931 -0.130430 -0.972703
vn -0.156691 -0.079480 -0.984444
vn -0.436219 0.065580 -0.897448
vn -0.156691 -0.079480 -0.984444
vn -0.281901 -0.040390 -0.958593
vn -0.228950 -0.031700 -0.972922
vn -0.170960 -0.017020 -0.985131
vn -0.156691 -0.079480 -0.984444
vn -0.228950 -0.031700 -0.972922
vn -0.156691 -0.079480 -0.984444
vn -0.191931 -0.130430 -0.972703
vn -0.467551 -0.566931 -0.678222
vn -0.316449 -0.571729 -0.756958
vn -0.201301 -0.696183 -0.689063
vn -0.467551 -0.566931 -0.678222
vn -0.201301 -0.696183 -0.689063
vn -0.249029 -0.767748 -0.590379
vn -0.186841 -0.560283 -0.806954
vn -0.129540 -0.699622 -0.702672
vn -0.201301 -0.696183 -0.689063
vn -0.186841 -0.560283 -0.806954
vn -0.201301 -0.696183 -0.689063
vn -0.316449 -0.571729 -0.756958
vn -0.143410 -0.843690 -0.517320
vn -0.249029 -0.767748 -0.590379
vn -0.201301 -0.696183 -0.689063
vn -0.143410 -0.843690 -0.517320
vn -0.201301 -0.696183 -0.689063
vn -0.129540 -0.699622 -0.702672
vn -0.156470 0.680391 0.715951
vn -0.311589 0.719338 0.620858
vn -0.394880 0.613050 0.684280
vn -0.156470 0.680391 0.715951
vn -0.394880 0.613050 0.684280
vn -0.321239 0.536208 0.780568
vn -0.490659 0.724508 0.484089
vn -0.526487 0.573757 0.627387
vn -0.394880 0.613050 0.684280
vn -0.490659 0.724508 0.484089
vn -0.394880 0.613050 0.684280
vn -0.311589 0.719338 0.620858
vn -0.505797 0.406868 0.760676
vn -0.321239 0.536208 0.780568
vn -0.394880 0.613050 0.684280
vn -0.505797 0.406868 0.760676
vn -0.394880 0.613050 0.684280
vn -0.526487 0.573757 0.627387
vn -0.429390 -0.184800 -0.884010
vn -0.333070 -0.311110 -0.890099
vn -0.386579 -0.366289 -0.846398
vn -0.429390 -0.184800 -0.884010
vn -0.386579 -0.366289 -0.846398
vn -0.475920 -0.305160 -0.824850
vn -0.368380 -0.274750 -0.888149
vn -0.371619 -0.467189 -0.802268
vn -0.386579 -0.366289 -0.846398
vn -0.368380 -0.274750 -0.888149
vn -0.386579 -0.366289 -0.846398
vn -0.333070 -0.311110 -0.890099
vn -0.520959 -0.397269 -0.755499
vn -0.475920 -0.305160 -0.824850
vn -0.386579 -0.366289 -0.846398
vn -0.520959 -0.397269 -0.755499
vn -0.386579 -0.366289 -0.846398
vn -0.371619 -0.467189 -0.802268
vn 0.811852 -0.286901 0.508511
vn 0.718951 -0.202790 0.664821
vn 0.677588 -0.288299 0.676578
vn 0.811852 -0.286901 0.508511
vn 0.677588 -0.288299 0.676578
vn 0.666011 -0.444081 0.599351
vn 0.650879 0.048380 0.757639
vn 0.624201 -0.241160 0.743111
vn 0.677588 -0.288299 0.676578
vn 0.650879 0.048380 0.757639
vn 0.677588 -0.288299 0.676578
vn 0.718951 -0.202790 0.664821
vn 0.506119 -0.407619 0.760059
vn 0.666011 -0.444081 0.599351
vn 0.677588 -0.288299 0.676578
vn 0.506119 -0.407619 0.760059
vn 0.677588 -0.288299 0.676578
vn 0.624201 -0.241160 0.743111
vn -0.429390 -0.184800 -0.884010
vn -0.573908 -0.124780 -0.809357
vn -0.538838 -0.044430 -0.841237
vn -0.429390 -0.184800 -0.884010
vn -0.538838 -0.044430 -0.841237
vn -0.447320 -0.031750 -0.893810
vn -0.722561 -0.062770 -0.688451
vn -0.587450 0.029560 -0.808720
vn -0.538838 -0.044430 -0.841237
vn -0.722561 -0.062770 -0.688451
vn -0.538838 -0.044430 -0.841237
vn -0.573908 -0.124780 -0.809357
vn -0.435630 0.137380 -0.889580
vn -0.447320 -0.031750 -0.893810
vn -0.538838 -0.044430 -0.841237
vn -0.435630 0.137380 -0.889580
vn -0.538838 -0.044430 -0.841237
vn -0.587450 0.029560 -0.808720
vn -0.690389 0.444609 0.570689
vn -0.656179 0.392229 0.644659
vn -0.607138 0.543488 0.579658
vn -0.690389 0.444609 0.570689
vn -0.607138 0.543488 0.579658
vn -0.630095 0.628565 0.455946
vn -0.505797 0.406868 0.760676
vn -0.526487 0.573757 0.627387
vn -0.607138 0.543488 0.579658
vn -0.505797 0.406868 0.760676
vn -0.607138 0.543488 0.579658
vn -0.656179 0.392229 0.644659
vn -0.490659 0.724508 0.484089
vn -0.630095 0.628565 0.455946
vn -0.607138 0.543488 0.579658
vn -0.490659 0.724508 0.484089
vn -0.607138 0.543488 0.579658
vn -0.526487 0.573757 0.627387
vn -0.603588 0.773898 -0.191739
vn -0.560781 0.825361 0.065600
vn -0.517842 0.854783 -0.034450
vn -0.603588 0.773898 -0.191739
vn -0.517842 0.854783 -0.034450
vn -0.538042 0.827473 -0.160621
vn -0.493201 0.852182 0.174750
vn -0.447711 0.893903 -0.022190
vn -0.517842 0.854783 -0.034450
vn -0.493201 0.852182 0.174750
vn -0.517842 0.854783 -0.034450
vn -0.560781 0.825361 0.065600
vn -0.410488 0.889516 -0.200649
vn -0.538042 0.827473 -0.160621
vn -0.517842 0.854783 -0.034450
vn -0.410488 0.889516 -0.200649
vn -0.517842 0.854783 -0.034450
vn -0.447711 0.893903 -0.022190
vn 0.014810 0.640639 -0.767699
vn -0.046130 0.493310 -0.868630
vn -0.075640 0.517620 -0.852260
vn 0.014810 0.640639 -0.767699
vn -0.075640 0.517620 -0.852260
vn -0.056220 0.629690 -0.774810
vn -0.100860 0.351091 -0.930893
vn -0.112710 0.491311 -0.863661
vn -0.075640 0.517620 -0.852260
vn -0.100860 0.351091 -0.930893
vn -0.075640 0.517620 -0.852260
vn -0.046130 0.493310 -0.868630
vn -0.152810 0.595100 -0.788990
vn -0.056220 0.629690 -0.774810
vn -0.075640 0.517620 -0.852260
vn -0.152810 0.595100 -0.788990
vn -0.075640 0.517620 -0.852260
vn -0.112710 0.491311 -0.863661
vn 0.650879 0.048380 0.757639
vn 0.606510 0.091100 0.789840
vn 0.574601 -0.122390 0.809231
vn 0.650879 0.048380 0.757639
vn 0.574601 -0.122390 0.809231
vn 0.624201 -0.241160 0.743111
vn 0.475969 0.107980 0.872808
vn 0.487252 -0.161261 0.858243
vn 0.574601 -0.122390 0.809231
vn 0.475969 0.107980 0.872808
vn 0.574601 -0.122390 0.809231
vn 0.606510 0.091100 0.789840
vn 0.506119 -0.407619 0.760059
vn 0.624201 -0.241160 0.743111
vn 0.574601 -0.122390 0.809231
vn 0.506119 -0.407619 0.760059
vn 0.574601 -0.122390 0.809231
vn 0.487252 -0.161261 0.858243
vn 0.811852 -0.286901 0.508511
vn 0.885817 0.130320 0.445359
vn 0.837783 0.192051 0.511112
vn 0.811852 -0.286901 0.508511
vn 0.837783 0.192051 0.511112
vn 0.802700 0.035580 0.595320
vn 0.722748 0.574198 0.384619
vn 0.714040 0.460900 0.526990
vn 0.837783 0.192051 0.511112
vn 0.722748 0.574198 0.384619
vn 0.837783 0.192051 0.511112
vn 0.885817 0.130320 0.445359
vn 0.662278 0.365849 0.653868
vn 0.802700 0.035580 0.595320
vn 0.837783 0.192051 0.511112
vn 0.662278 0.365849 0.653868
vn 0.837783 0.192051 0.511112
vn 0.714040 0.460900 0.526990
vn 0.159120 -0.817569 -0.553409
vn 0.314261 -0.848022 -0.426731
vn 0.249190 -0.908721 -0.334860
vn 0.159120 -0.817569 -0.553409
vn 0.249190 -0.908721 -0.334860
vn 0.152041 -0.925083 -0.348001
vn 0.500209 -0.814058 -0.295129
vn 0.308809 -0.924487 -0.223519
vn 0.249190 -0.908721 -0.334860
vn 0.500209 -0.814058 -0.295129
vn 0.249190 -0.908721 -0.334860
vn 0.314261 -0.848022 -0.426731
vn 0.148840 -0.979883 -0.132950
vn 0.152041 -0.925083 -0.348001
vn 0.249190 -0.908721 -0.334860
vn 0.148840 -0.979883 -0.132950
vn 0.249190 -0.908721 -0.334860
vn 0.308809 -0.924487 -0.223519
vn -0.000060 -0.923508 -0.383579
vn 0.005230 -0.818745 -0.574134
vn 0.042420 -0.818042 -0.573592
vn -0.000060 -0.923508 -0.383579
vn 0.042420 -0.818042 -0.573592
vn 0.075340 -0.880463 -0.468091
vn -0.003540 -0.659498 -0.751698
vn 0.079650 -0.747078 -0.659948
vn 0.042420 -0.818042 -0.573592
vn -0.003540 -0.659498 -0.751698
vn 0.042420 -0.818042 -0.573592
vn 0.005230 -0.818745 -0.574134
vn 0.159120 -0.817569 -0.553409
vn 0.075340 -0.880463 -0.468091
vn 0.042420 -0.818042 -0.573592
vn 0.159120 -0.817569 -0.553409
vn 0.042420 -0.818042 -0.573592
vn 0.079650 -0.747078 -0.659948
vn 0.144200 -0.945439 0.292150
vn 0.289111 -0.935145 0.204741
vn 0.370161 -0.877242 0.305661
vn 0.144200 -0.945439 0.292150
vn 0.370161 -0.877242 0.305661
vn 0.312699 -0.857696 0.408138
vn 0.457190 -0.885020 0.087850
vn 0.494579 -0.826438 0.269059
vn 0.370161 -0.877242 0.305661
vn 0.457190 -0.885020 0.087850
vn 0.370161 -0.877242 0.305661
vn 0.289111 -0.935145 0.204741
vn 0.532142 -0.716943 0.450352
vn 0.312699 -0.857696 0.408138
vn 0.370161 -0.877242 0.305661
vn 0.532142 -0.716943 0.450352
vn 0.370161 -0.877242 0.305661
vn 0.494579 -0.826438 0.269059
vn -0.429390 -0.184800 -0.884010
vn -0.310901 -0.123370 -0.942402
vn -0.276199 -0.225390 -0.934298
vn -0.429390 -0.184800 -0.884010
vn -0.276199 -0.225390 -0.934298
vn -0.333070 -0.311110 -0.890099
vn -0.228950 -0.031700 -0.972922
vn -0.246049 -0.215979 -0.944888
vn -0.276199 -0.225390 -0.934298
vn -0.228950 -0.031700 -0.972922
vn -0.276199 -0.225390 -0.934298
vn -0.310901 -0.123370 -0.942402
vn -0.368380 -0.274750 -0.888149
vn -0.333070 -0.311110 -0.890099
vn -0.276199 -0.225390 -0.934298
vn -0.368380 -0.274750 -0.888149
vn -0.276199 -0.225390 -0.934298
vn -0.246049 -0.215979 -0.944888
vn 0.619242 0.772422 -0.141080
vn 0.590971 0.806392 0.022040
vn 0.627560 0.760400 0.167210
vn 0.619242 0.772422 -0.141080
vn 0.627560 0.760400 0.167210
vn 0.689801 0.701410 0.179440
vn 0.523169 0.845629 0.105860
vn 0.605460 0.760610 0.234290
vn 0.627560 0.760400 0.167210
vn 0.523169 0.845629 0.105860
vn 0.627560 0.760400 0.167210
vn 0.590971 0.806392 0.022040
vn 0.722748 0.574198 0.384619
vn 0.689801 0.701410 0.179440
vn 0.627560 0.760400 0.167210
vn 0.722748 0.574198 0.384619
vn 0.627560 0.760400 0.167210
vn 0.605460 0.760610 0.234290
vn 0.650879 0.048380 0.757639
vn 0.718951 -0.202790 0.664821
vn 0.739498 0.000480 0.673158
vn 0.650879 0.048380 0.757639
vn 0.739498 0.000480 0.673158
vn 0.658121 0.178850 0.731361
vn 0.811852 -0.286901 0.508511
vn 0.802700 0.035580 0.595320
vn 0.739498 0.000480 0.673158
vn 0.811852 -0.286901 0.508511
vn 0.739498 0.000480 0.673158
vn 0.718951 -0.202790 0.664821
vn 0.662278 0.365849 0.653868
vn 0.658121 0.178850 0.731361
vn 0.739498 0.000480 0.673158
vn 0.662278 0.365849 0.653868
vn 0.739498 0.000480 0.673158
vn 0.802700 0.035580 0.595320
vn -0.672090 -0.662540 0.330660
vn -0.806187 -0.554978 0.205089
vn -0.763924 -0.638973 0.090190
vn -0.672090 -0.662540 0.330660
vn -0.763924 -0.638973 0.090190
vn -0.678371 -0.726682 0.108380
vn -0.913339 -0.403489 0.054850
vn -0.815411 -0.573711 -0.077210
vn -0.763924 -0.638973 0.090190
vn -0.913339 -0.403489 0.054850
vn -0.763924 -0.638973 0.090190
vn -0.806187 -0.554978 0.205089
vn -0.676089 -0.717799 -0.166340
vn -0.678371 -0.726682 0.108380
vn -0.763924 -0.638973 0.090190
vn -0.676089 -0.717799 -0.166340
vn -0.763924 -0.638973 0.090190
vn -0.815411 -0.573711 -0.077210
vn -0.696378 0.654008 0.295519
vn -0.858842 0.375761 0.348131
vn -0.781453 0.445692 0.436682
vn -0.696378 0.654008 0.295519
vn -0.781453 0.445692 0.436682
vn -0.652206 0.637436 0.410247
vn -0.923409 -0.002440 0.383810
vn -0.793947 0.266089 0.546668
vn -0.781453 0.445692 0.436682
vn -0.923409 -0.002440 0.383810
vn -0.781453 0.445692 0.436682
vn -0.858842 0.375761 0.348131
vn -0.690389 0.444609 0.570689
vn -0.652206 0.637436 0.410247
vn -0.781453 0.445692 0.436682
vn -0.690389 0.444609 0.570689
vn -0.781453 0.445692 0.436682
vn -0.793947 0.266089 0.546668
vn -0.696378 0.654008 0.295519
vn -0.943244 0.271391 0.191411
vn -0.942230 0.211060 0.260110
vn -0.696378 0.654008 0.295519
vn -0.942230 0.211060 0.260110
vn -0.858842 0.375761 0.348131
vn -0.995573 -0.093740 0.006940
vn -0.960181 -0.058710 0.273140
vn -0.942230 0.211060 0.260110
vn -0.995573 -0.093740 0.006940
vn -0.942230 0.211060 0.260110
vn -0.943244 0.271391 0.191411
vn -0.923409 -0.002440 0.383810
vn -0.858842 0.375761 0.348131
vn -0.942230 0.211060 0.260110
vn -0.923409 -0.002440 0.383810
vn -0.942230 0.211060 0.260110
vn -0.960181 -0.058710 0.273140
vn -0.435630 0.137380 -0.889580
vn -0.587450 0.029560 -0.808720
vn -0.622682 0.119970 -0.773223
vn -0.435630 0.137380 -0.889580
vn -0.622682 0.119970 -0.773223
vn -0.557102 0.220731 -0.800572
vn -0.722561 -0.062770 -0.688451
vn -0.714576 0.124629 -0.688366
vn -0.622682 0.119970 -0.773223
vn -0.722561 -0.062770 -0.688451
vn -0.622682 0.119970 -0.773223
vn -0.587450 0.029560 -0.808720
vn -0.661249 0.316610 -0.680079
vn -0.557102 0.220731 -0.800572
vn -0.622682 0.119970 -0.773223
vn -0.661249 0.316610 -0.680079
vn -0.622682 0.119970 -0.773223
vn -0.714576 0.124629 -0.688366
vn -0.147820 0.935740 0.320220
vn -0.305341 0.923744 0.231221
vn -0.378179 0.866417 0.326039
vn -0.147820 0.935740 0.320220
vn -0.378179 0.866417 0.326039
vn -0.305851 0.851772 0.425371
vn -0.493201 0.852182 0.174750
vn -0.515888 0.793926 0.321778
vn -0.378179 0.866417 0.326039
vn -0.493201 0.852182 0.174750
vn -0.378179 0.866417 0.326039
vn -0.305341 0.923744 0.231221
vn -0.490659 0.724508 0.484089
vn -0.305851 0.851772 0.425371
vn -0.378179 0.866417 0.326039
vn -0.490659 0.724508 0.484089
vn -0.378179 0.866417 0.326039
vn -0.515888 0.793926 0.321778
vn -0.189370 -0.336181 0.922562
vn -0.099230 -0.518891 0.849062
vn -0.064090 -0.468609 0.881078
vn -0.189370 -0.336181 0.922562
vn -0.064090 -0.468609 0.881078
vn -0.095310 -0.312850 0.945009
vn -0.033490 -0.681190 0.731340
vn -0.009240 -0.504753 0.863215
vn -0.064090 -0.468609 0.881078
vn -0.033490 -0.681190 0.731340
vn -0.064090 -0.468609 0.881078
vn -0.099230 -0.518891 0.849062
vn -0.012700 -0.307618 0.951425
vn -0.095310 -0.312850 0.945009
vn -0.064090 -0.468609 0.881078
vn -0.012700 -0.307618 0.951425
vn -0.064090 -0.468609 0.881078
vn -0.009240 -0.504753 0.863215
vn -0.603588 0.773898 -0.191739
vn -0.681890 0.324490 -0.655540
vn -0.661270 0.279560 -0.696110
vn -0.603588 0.773898 -0.191739
vn -0.661270 0.279560 -0.696110
vn -0.628800 0.354980 -0.691810
vn -0.592609 -0.309710 -0.743569
vn -0.466160 -0.332870 -0.819690
vn -0.661270 0.279560 -0.696110
vn -0.592609 -0.309710 -0.743569
vn -0.661270 0.279560 -0.696110
vn -0.681890 0.324490 -0.655540
vn -0.368380 -0.274750 -0.888149
vn -0.628800 0.354980 -0.691810
vn -0.661270 0.279560 -0.696110
vn -0.368380 -0.274750 -0.888149
vn -0.661270 0.279560 -0.696110
vn -0.466160 -0.332870 -0.819690
vn -0.995573 -0.093740 0.006940
vn -0.862431 0.057030 -0.502951
vn -0.763055 -0.025620 -0.645826
vn -0.995573 -0.093740 0.006940
vn -0.763055 -0.025620 -0.645826
vn -0.780436 -0.072930 -0.620967
vn -0.436219 0.065580 -0.897448
vn -0.281901 -0.040390 -0.958593
vn -0.763055 -0.025620 -0.645826
vn -0.436219 0.065580 -0.897448
vn -0.763055 -0.025620 -0.645826
vn -0.862431 0.057030 -0.502951
vn -0.243620 -0.021520 -0.969632
vn -0.780436 -0.072930 -0.620967
vn -0.763055 -0.025620 -0.645826
vn -0.243620 -0.021520 -0.969632
vn -0.763055 -0.025620 -0.645826
vn -0.281901 -0.040390 -0.958593
vn -0.436219 0.065580 -0.897448
vn -0.624909 0.521479 -0.580989
vn -0.591500 0.377000 -0.712740
vn -0.436219 0.065580 -0.897448
vn -0.591500 0.377000 -0.712740
vn -0.346328 -0.091750 -0.933616
vn -0.603588 0.773898 -0.191739
vn -0.628800 0.354980 -0.691810
vn -0.591500 0.377000 -0.712740
vn -0.603588 0.773898 -0.191739
vn -0.591500 0.377000 -0.712740
vn -0.624909 0.521479 -0.580989
vn -0.368380 -0.274750 -0.888149
vn -0.346328 -0.091750 -0.933616
vn -0.591500 0.377000 -0.712740
vn -0.368380 -0.274750 -0.888149
vn -0.591500 0.377000 -0.712740
vn -0.628800 0.354980 -0.691810
vn -0.855822 -0.228791 -0.463921
vn -0.668071 0.227920 -0.708331
vn -0.543980 0.334300 -0.769630
vn -0.855822 -0.228791 -0.463921
vn -0.543980 0.334300 -0.769630
vn -0.562710 0.302370 -0.769370
vn -0.397451 0.634052 -0.663332
vn -0.270429 0.641218 -0.718128
vn -0.543980 0.334300 -0.769630
vn -0.397451 0.634052 -0.663332
vn -0.543980 0.334300 -0.769630
vn -0.668071 0.227920 -0.708331
vn -0.152810 0.595100 -0.788990
vn -0.562710 0.302370 -0.769370
vn -0.543980 0.334300 -0.769630
vn -0.152810 0.595100 -0.788990
vn -0.543980 0.334300 -0.769630
vn -0.270429 0.641218 -0.718128
vn -0.152810 0.595100 -0.788990
vn -0.533240 0.276130 -0.799630
vn -0.620139 0.217950 -0.753609
vn -0.152810 0.595100 -0.788990
vn -0.620139 0.217950 -0.753609
vn -0.562710 0.302370 -0.769370
vn -0.880149 -0.066980 -0.469949
vn -0.886290 -0.184760 -0.424680
vn -0.620139 0.217950 -0.753609
vn -0.880149 -0.066980 -0.469949
vn -0.620139 0.217950 -0.753609
vn -0.533240 0.276130 -0.799630
vn -0.855822 -0.228791 -0.463921
vn -0.562710 0.302370 -0.769370
vn -0.620139 0.217950 -0.753609
vn -0.855822 -0.228791 -0.463921
vn -0.620139 0.217950 -0.753609
vn -0.886290 -0.184760 -0.424680
vn -0.849047 0.025360 -0.527708
vn -0.487072 0.145161 -0.861214
vn -0.345790 0.117780 -0.930890
vn -0.849047 0.025360 -0.527708
vn -0.345790 0.117780 -0.930890
vn -0.386151 0.024840 -0.922101
vn -0.100860 0.351091 -0.930893
vn -0.111400 0.183361 -0.976713
vn -0.345790 0.117780 -0.930890
vn -0.100860 0.351091 -0.930893
vn -0.345790 0.117780 -0.930890
vn -0.487072 0.145161 -0.861214
vn -0.089210 0.008220 -0.995979
vn -0.386151 0.024840 -0.922101
vn -0.345790 0.117780 -0.930890
vn -0.089210 0.008220 -0.995979
vn -0.345790 0.117780 -0.930890
vn -0.111400 0.183361 -0.976713
vn -0.467551 -0.566931 -0.678222
vn -0.682968 -0.135940 -0.717688
vn -0.718672 -0.014290 -0.695202
vn -0.467551 -0.566931 -0.678222
vn -0.718672 -0.014290 -0.695202
vn -0.689564 -0.129101 -0.712625
vn -0.674448 0.266629 -0.688498
vn -0.709748 0.386199 -0.589159
vn -0.718672 -0.014290 -0.695202
vn -0.674448 0.266629 -0.688498
vn -0.718672 -0.014290 -0.695202
vn -0.682968 -0.135940 -0.717688
vn -0.774828 0.353439 -0.524139
vn -0.689564 -0.129101 -0.712625
vn -0.718672 -0.014290 -0.695202
vn -0.774828 0.353439 -0.524139
vn -0.718672 -0.014290 -0.695202
vn -0.709748 0.386199 -0.589159
vn -0.849047 0.025360 -0.527708
vn -0.503138 -0.091980 -0.859297
vn -0.615031 -0.078440 -0.784591
vn -0.849047 0.025360 -0.527708
vn -0.615031 -0.078440 -0.784591
vn -0.915914 0.068590 -0.395472
vn -0.114510 -0.309280 -0.944051
vn -0.506149 -0.154090 -0.848569
vn -0.615031 -0.078440 -0.784591
vn -0.114510 -0.309280 -0.944051
vn -0.615031 -0.078440 -0.784591
vn -0.503138 -0.091980 -0.859297
vn -0.908522 0.094710 -0.406961
vn -0.915914 0.068590 -0.395472
vn -0.615031 -0.078440 -0.784591
vn -0.908522 0.094710 -0.406961
vn -0.615031 -0.078440 -0.784591
vn -0.506149 -0.154090 -0.848569
vn -0.475139 0.765688 -0.433549
vn -0.671651 0.325871 -0.665351
vn -0.667368 0.288829 -0.686438
vn -0.475139 0.765688 -0.433549
vn -0.667368 0.288829 -0.686438
vn -0.672796 0.400318 -0.622166
vn -0.759535 -0.269618 -0.591956
vn -0.678861 -0.306450 -0.667261
vn -0.667368 0.288829 -0.686438
vn -0.759535 -0.269618 -0.591956
vn -0.667368 0.288829 -0.686438
vn -0.671651 0.325871 -0.665351
vn -0.592609 -0.309710 -0.743569
vn -0.672796 0.400318 -0.622166
vn -0.667368 0.288829 -0.686438
vn -0.592609 -0.309710 -0.743569
vn -0.667368 0.288829 -0.686438
vn -0.678861 -0.306450 -0.667261
vn -0.908522 0.094710 -0.406961
vn -0.568199 -0.209640 -0.795739
vn -0.646221 -0.162400 -0.745671
vn -0.908522 0.094710 -0.406961
vn -0.646221 -0.162400 -0.745671
vn -0.898848 0.219349 -0.379419
vn -0.186841 -0.560283 -0.806954
vn -0.617190 -0.222970 -0.754560
vn -0.646221 -0.162400 -0.745671
vn -0.186841 -0.560283 -0.806954
vn -0.646221 -0.162400 -0.745671
vn -0.568199 -0.209640 -0.795739
vn -0.874989 0.305470 -0.375610
vn -0.898848 0.219349 -0.379419
vn -0.646221 -0.162400 -0.745671
vn -0.874989 0.305470 -0.375610
vn -0.646221 -0.162400 -0.745671
vn -0.617190 -0.222970 -0.754560
vn -0.995573 -0.093740 0.006940
vn -0.818958 -0.156370 -0.552139
vn -0.877374 -0.251011 -0.408912
vn -0.995573 -0.093740 0.006940
vn -0.877374 -0.251011 -0.408912
vn -0.961775 -0.256811 0.095061
vn -0.407532 -0.007120 -0.913163
vn -0.824643 -0.267691 -0.498302
vn -0.877374 -0.251011 -0.408912
vn -0.407532 -0.007120 -0.913163
vn -0.877374 -0.251011 -0.408912
vn -0.818958 -0.156370 -0.552139
vn -0.913339 -0.403489 0.054850
vn -0.961775 -0.256811 0.095061
vn -0.877374 -0.251011 -0.408912
vn -0.913339 -0.403489 0.054850
vn -0.877374 -0.251011 -0.408912
vn -0.824643 -0.267691 -0.498302
vn -0.676089 -0.717799 -0.166340
vn -0.651831 -0.339511 -0.678121
vn -0.670094 -0.406332 -0.621183
vn -0.676089 -0.717799 -0.166340
vn -0.670094 -0.406332 -0.621183
vn -0.643040 -0.735290 -0.214120
vn -0.497909 0.227059 -0.836977
vn -0.689262 -0.313481 -0.653182
vn -0.670094 -0.406332 -0.621183
vn -0.497909 0.227059 -0.836977
vn -0.670094 -0.406332 -0.621183
vn -0.651831 -0.339511 -0.678121
vn -0.651122 -0.700542 -0.292031
vn -0.643040 -0.735290 -0.214120
vn -0.670094 -0.406332 -0.621183
vn -0.651122 -0.700542 -0.292031
vn -0.670094 -0.406332 -0.621183
vn -0.689262 -0.313481 -0.653182
vn -0.774828 0.353439 -0.524139
vn -0.639090 -0.182320 -0.747210
vn -0.649558 -0.202289 -0.732908
vn -0.774828 0.353439 -0.524139
vn -0.649558 -0.202289 -0.732908
vn -0.689564 -0.129101 -0.712625
vn -0.186841 -0.560283 -0.806954
vn -0.316449 -0.571729 -0.756958
vn -0.649558 -0.202289 -0.732908
vn -0.186841 -0.560283 -0.806954
vn -0.649558 -0.202289 -0.732908
vn -0.639090 -0.182320 -0.747210
vn -0.467551 -0.566931 -0.678222
vn -0.689564 -0.129101 -0.712625
vn -0.649558 -0.202289 -0.732908
vn -0.467551 -0.566931 -0.678222
vn -0.649558 -0.202289 -0.732908
vn -0.316449 -0.571729 -0.756958
vn -0.913339 -0.403489 0.054850
vn -0.748221 -0.273171 -0.604601
vn -0.735202 -0.388311 -0.555601
vn -0.913339 -0.403489 0.054850
vn -0.735202 -0.388311 -0.555601
vn -0.815411 -0.573711 -0.077210
vn -0.359940 0.100190 -0.927580
vn -0.665870 -0.371530 -0.646980
vn -0.735202 -0.388311 -0.555601
vn -0.359940 0.100190 -0.927580
vn -0.735202 -0.388311 -0.555601
vn -0.748221 -0.273171 -0.604601
vn -0.676089 -0.717799 -0.166340
vn -0.815411 -0.573711 -0.077210
vn -0.735202 -0.388311 -0.555601
vn -0.676089 -0.717799 -0.166340
vn -0.735202 -0.388311 -0.555601
vn -0.665870 -0.371530 -0.646980
vn -0.651122 -0.700542 -0.292031
vn -0.750002 -0.208720 -0.627641
vn -0.708376 -0.365658 -0.603737
vn -0.651122 -0.700542 -0.292031
vn -0.708376 -0.365658 -0.603737
vn -0.639310 -0.674150 -0.369870
vn -0.674448 0.266629 -0.688498
vn -0.690756 -0.370128 -0.621177
vn -0.708376 -0.365658 -0.603737
vn -0.674448 0.266629 -0.688498
vn -0.708376 -0.365658 -0.603737
vn -0.750002 -0.208720 -0.627641
vn -0.474839 -0.763178 -0.438279
vn -0.639310 -0.674150 -0.369870
vn -0.708376 -0.365658 -0.603737
vn -0.474839 -0.763178 -0.438279
vn -0.708376 -0.365658 -0.603737
vn -0.690756 -0.370128 -0.621177
vn -0.494958 -0.864177 0.090640
vn -0.605971 -0.773101 0.187390
vn -0.636950 -0.764431 0.099700
vn -0.494958 -0.864177 0.090640
vn -0.636950 -0.764431 0.099700
vn -0.605060 -0.796180 -0.000480
vn -0.672090 -0.662540 0.330660
vn -0.678371 -0.726682 0.108380
vn -0.636950 -0.764431 0.099700
vn -0.672090 -0.662540 0.330660
vn -0.636950 -0.764431 0.099700
vn -0.605971 -0.773101 0.187390
vn -0.676089 -0.717799 -0.166340
vn -0.605060 -0.796180 -0.000480
vn -0.636950 -0.764431 0.099700
vn -0.676089 -0.717799 -0.166340
vn -0.636950 -0.764431 0.099700
vn -0.678371 -0.726682 0.108380
vn 0.650879 0.048380 0.757639
vn 0.658121 0.178850 0.731361
vn 0.622779 0.273390 0.733079
vn 0.650879 0.048380 0.757639
vn 0.622779 0.273390 0.733079
vn 0.622369 0.283240 0.729679
vn 0.662278 0.365849 0.653868
vn 0.622399 0.430810 0.653469
vn 0.622779 0.273390 0.733079
vn 0.662278 0.365849 0.653868
vn 0.622779 0.273390 0.733079
vn 0.658121 0.178850 0.731361
vn 0.518102 0.501882 0.692593
vn 0.622369 0.283240 0.729679
vn 0.622779 0.273390 0.733079
vn 0.518102 0.501882 0.692593
vn 0.622779 0.273390 0.733079
vn 0.622399 0.430810 0.653469
vn 0.166329 0.178679 -0.969747
vn 0.347422 0.272621 -0.897204
vn 0.437199 0.120920 -0.891199
vn 0.166329 0.178679 -0.969747
vn 0.437199 0.120920 -0.891199
vn 0.332590 0.000310 -0.943071
vn 0.563053 0.251151 -0.787334
vn 0.580211 0.070810 -0.811382
vn 0.437199 0.120920 -0.891199
vn 0.563053 0.251151 -0.787334
vn 0.437199 0.120920 -0.891199
vn 0.347422 0.272621 -0.897204
vn 0.532130 -0.158890 -0.831620
vn 0.332590 0.000310 -0.943071
vn 0.437199 0.120920 -0.891199
vn 0.532130 -0.158890 -0.831620
vn 0.437199 0.120920 -0.891199
vn 0.580211 0.070810 -0.811382
vn 0.640711 -0.767781 0.001650
vn 0.741083 -0.655523 0.145211
vn 0.679910 -0.681390 0.270980
vn 0.640711 -0.767781 0.001650
vn 0.679910 -0.681390 0.270980
vn 0.613543 -0.745193 0.261251
vn 0.847178 -0.499249 0.181770
vn 0.664300 -0.628300 0.404900
vn 0.679910 -0.681390 0.270980
vn 0.847178 -0.499249 0.181770
vn 0.679910 -0.681390 0.270980
vn 0.741083 -0.655523 0.145211
vn 0.532142 -0.716943 0.450352
vn 0.613543 -0.745193 0.261251
vn 0.679910 -0.681390 0.270980
vn 0.532142 -0.716943 0.450352
vn 0.679910 -0.681390 0.270980
vn 0.664300 -0.628300 0.404900
vn -0.690389 0.444609 0.570689
vn -0.630095 0.628565 0.455946
vn -0.605820 0.722020 0.334170
vn -0.690389 0.444609 0.570689
vn -0.605820 0.722020 0.334170
vn -0.610459 0.713508 0.343869
vn -0.490659 0.724508 0.484089
vn -0.515888 0.793926 0.321778
vn -0.605820 0.722020 0.334170
vn -0.490659 0.724508 0.484089
vn -0.605820 0.722020 0.334170
vn -0.630095 0.628565 0.455946
vn -0.493201 0.852182 0.174750
vn -0.610459 0.713508 0.343869
vn -0.605820 0.722020 0.334170
vn -0.493201 0.852182 0.174750
vn -0.605820 0.722020 0.334170
vn -0.515888 0.793926 0.321778
vn 0.500209 -0.814058 -0.295129
vn 0.513899 -0.713569 -0.476159
vn 0.599121 -0.653961 -0.461941
vn 0.500209 -0.814058 -0.295129
vn 0.599121 -0.653961 -0.461941
vn 0.633559 -0.674419 -0.379159
vn 0.499230 -0.577140 -0.646280
vn 0.642660 -0.497830 -0.582370
vn 0.599121 -0.653961 -0.461941
vn 0.499230 -0.577140 -0.646280
vn 0.599121 -0.653961 -0.461941
vn 0.513899 -0.713569 -0.476159
vn 0.712090 -0.443690 -0.544120
vn 0.633559 -0.674419 -0.379159
vn 0.599121 -0.653961 -0.461941
vn 0.712090 -0.443690 -0.544120
vn 0.599121 -0.653961 -0.461941
vn 0.642660 -0.497830 -0.582370
vn 0.506119 -0.407619 0.760059
vn 0.487252 -0.161261 0.858243
vn 0.379120 -0.179000 0.907870
vn 0.506119 -0.407619 0.760059
vn 0.379120 -0.179000 0.907870
vn 0.316460 -0.314260 0.895039
vn 0.475969 0.107980 0.872808
vn 0.307839 -0.039560 0.950616
vn 0.379120 -0.179000 0.907870
vn 0.475969 0.107980 0.872808
vn 0.379120 -0.179000 0.907870
vn 0.487252 -0.161261 0.858243
vn 0.163020 -0.167390 0.972320
vn 0.316460 -0.314260 0.895039
vn 0.379120 -0.179000 0.907870
vn 0.163020 -0.167390 0.972320
vn 0.379120 -0.179000 0.907870
vn 0.307839 -0.039560 0.950616
vn -0.932522 -0.088580 -0.350081
vn -0.859180 -0.255860 -0.443110
vn -0.870672 -0.315221 -0.377581
vn -0.932522 -0.088580 -0.350081
vn -0.870672 -0.315221 -0.377581
vn -0.904607 -0.281729 -0.319869
vn -0.760928 -0.377159 -0.527958
vn -0.834519 -0.386580 -0.392600
vn -0.870672 -0.315221 -0.377581
vn -0.760928 -0.377159 -0.527958
vn -0.870672 -0.315221 -0.377581
vn -0.859180 -0.255860 -0.443110
vn -0.855822 -0.228791 -0.463921
vn -0.904607 -0.281729 -0.319869
vn -0.870672 -0.315221 -0.377581
vn -0.855822 -0.228791 -0.463921
vn -0.870672 -0.315221 -0.377581
vn -0.834519 -0.386580 -0.392600
vn 0.662278 0.365849 0.653868
vn 0.714040 0.460900 0.526990
vn 0.633768 0.575028 0.517378
vn 0.662278 0.365849 0.653868
vn 0.633768 0.575028 0.517378
vn 0.612627 0.590417 0.525448
vn 0.722748 0.574198 0.384619
vn 0.606160 0.686650 0.401350
vn 0.633768 0.575028 0.517378
vn 0.722748 0.574198 0.384619
vn 0.633768 0.575028 0.517378
vn 0.714040 0.460900 0.526990
vn 0.496614 0.766616 0.407033
vn 0.612627 0.590417 0.525448
vn 0.633768 0.575028 0.517378
vn 0.496614 0.766616 0.407033
vn 0.633768 0.575028 0.517378
vn 0.606160 0.686650 0.401350
vn -0.359940 0.100190 -0.927580
vn -0.365832 0.033610 -0.930074
vn -0.258849 0.105330 -0.960158
vn -0.359940 0.100190 -0.927580
vn -0.258849 0.105330 -0.960158
vn -0.246941 0.109590 -0.962814
vn -0.407532 -0.007120 -0.913163
vn -0.222150 0.065820 -0.972788
vn -0.258849 0.105330 -0.960158
vn -0.407532 -0.007120 -0.913163
vn -0.258849 0.105330 -0.960158
vn -0.365832 0.033610 -0.930074
vn -0.228950 -0.031700 -0.972922
vn -0.246941 0.109590 -0.962814
vn -0.258849 0.105330 -0.960158
vn -0.228950 -0.031700 -0.972922
vn -0.258849 0.105330 -0.960158
vn -0.222150 0.065820 -0.972788
vn -0.592609 -0.309710 -0.743569
vn -0.678861 -0.306450 -0.667261
vn -0.679200 -0.471180 -0.562740
vn -0.592609 -0.309710 -0.743569
vn -0.679200 -0.471180 -0.562740
vn -0.638131 -0.466340 -0.612631
vn -0.759535 -0.269618 -0.591956
vn -0.751937 -0.450118 -0.481648
vn -0.679200 -0.471180 -0.562740
vn -0.759535 -0.269618 -0.591956
vn -0.679200 -0.471180 -0.562740
vn -0.678861 -0.306450 -0.667261
vn -0.760928 -0.377159 -0.527958
vn -0.638131 -0.466340 -0.612631
vn -0.679200 -0.471180 -0.562740
vn -0.760928 -0.377159 -0.527958
vn -0.679200 -0.471180 -0.562740
vn -0.751937 -0.450118 -0.481648
vn -0.562510 -0.440900 0.699420
vn -0.540811 -0.604862 0.584522
vn -0.416651 -0.637001 0.648561
vn -0.562510 -0.440900 0.699420
vn -0.416651 -0.637001 0.648561
vn -0.360808 -0.578977 0.731166
vn -0.484361 -0.749361 0.451501
vn -0.321279 -0.742509 0.587759
vn -0.416651 -0.637001 0.648561
vn -0.484361 -0.749361 0.451501
vn -0.416651 -0.637001 0.648561
vn -0.540811 -0.604862 0.584522
vn -0.172621 -0.729153 0.662222
vn -0.360808 -0.578977 0.731166
vn -0.416651 -0.637001 0.648561
vn -0.172621 -0.729153 0.662222
vn -0.416651 -0.637001 0.648561
vn -0.321279 -0.742509 0.587759
vn -0.010130 -0.910825 0.412668
vn 0.065700 -0.934888 0.348809
vn 0.093220 -0.866842 0.489791
vn -0.010130 -0.910825 0.412668
vn 0.093220 -0.866842 0.489791
vn 0.063950 -0.837501 0.542681
vn 0.144200 -0.945439 0.292150
vn 0.143130 -0.849059 0.508539
vn 0.093220 -0.866842 0.489791
vn 0.144200 -0.945439 0.292150
vn 0.093220 -0.866842 0.489791
vn 0.065700 -0.934888 0.348809
vn 0.138990 -0.686899 0.713339
vn 0.063950 -0.837501 0.542681
vn 0.093220 -0.866842 0.489791
vn 0.138990 -0.686899 0.713339
vn 0.093220 -0.866842 0.489791
vn 0.143130 -0.849059 0.508539
vn -0.132419 0.865657 -0.482808
vn -0.283061 0.871354 -0.400772
vn -0.328711 0.883693 -0.333221
vn -0.132419 0.865657 -0.482808
vn -0.328711 0.883693 -0.333221
vn -0.256150 0.909561 -0.327240
vn -0.475139 0.765688 -0.433549
vn -0.445859 0.847428 -0.288229
vn -0.328711 0.883693 -0.333221
vn -0.475139 0.765688 -0.433549
vn -0.328711 0.883693 -0.333221
vn -0.283061 0.871354 -0.400772
vn -0.410488 0.889516 -0.200649
vn -0.256150 0.909561 -0.327240
vn -0.328711 0.883693 -0.333221
vn -0.410488 0.889516 -0.200649
vn -0.328711 0.883693 -0.333221
vn -0.445859 0.847428 -0.288229
vn -0.000060 -0.923508 -0.383579
vn 0.075340 -0.880463 -0.468091
vn 0.109270 -0.928293 -0.355431
vn -0.000060 -0.923508 -0.383579
vn 0.109270 -0.928293 -0.355431
vn 0.074260 -0.961330 -0.265200
vn 0.159120 -0.817569 -0.553409
vn 0.152041 -0.925083 -0.348001
vn 0.109270 -0.928293 -0.355431
vn 0.159120 -0.817569 -0.553409
vn 0.109270 -0.928293 -0.355431
vn 0.075340 -0.880463 -0.468091
vn 0.148840 -0.979883 -0.132950
vn 0.074260 -0.961330 -0.265200
vn 0.109270 -0.928293 -0.355431
vn 0.148840 -0.979883 -0.132950
vn 0.109270 -0.928293 -0.355431
vn 0.152041 -0.925083 -0.348001
vn -0.000060 -0.923508 -0.383579
vn -0.003250 -0.984050 -0.177860
vn -0.045290 -0.983675 -0.174161
vn -0.000060 -0.923508 -0.383579
vn -0.045290 -0.983675 -0.174161
vn -0.078040 -0.960127 -0.268449
vn -0.005720 -0.999876 0.014690
vn -0.079450 -0.995342 -0.054600
vn -0.045290 -0.983675 -0.174161
vn -0.005720 -0.999876 0.014690
vn -0.045290 -0.983675 -0.174161
vn -0.003250 -0.984050 -0.177860
vn -0.149280 -0.979551 -0.134890
vn -0.078040 -0.960127 -0.268449
vn -0.045290 -0.983675 -0.174161
vn -0.149280 -0.979551 -0.134890
vn -0.045290 -0.983675 -0.174161
vn -0.079450 -0.995342 -0.054600
vn -0.484361 -0.749361 0.451501
vn -0.495962 -0.822664 0.277931
vn -0.373219 -0.881798 0.288339
vn -0.484361 -0.749361 0.451501
vn -0.373219 -0.881798 0.288339
vn -0.308591 -0.867512 0.390121
vn -0.494958 -0.864177 0.090640
vn -0.305648 -0.932585 0.191999
vn -0.373219 -0.881798 0.288339
vn -0.494958 -0.864177 0.090640
vn -0.373219 -0.881798 0.288339
vn -0.495962 -0.822664 0.277931
vn -0.158239 -0.945947 0.283099
vn -0.308591 -0.867512 0.390121
vn -0.373219 -0.881798 0.288339
vn -0.158239 -0.945947 0.283099
vn -0.373219 -0.881798 0.288339
vn -0.305648 -0.932585 0.191999
vn -0.003540 -0.659498 -0.751698
vn 0.010880 -0.452001 -0.891951
vn 0.057480 -0.454058 -0.889116
vn -0.003540 -0.659498 -0.751698
vn 0.057480 -0.454058 -0.889116
vn 0.094040 -0.564570 -0.820010
vn 0.021840 -0.231960 -0.972480
vn 0.102731 -0.314132 -0.943805
vn 0.057480 -0.454058 -0.889116
vn 0.021840 -0.231960 -0.972480
vn 0.057480 -0.454058 -0.889116
vn 0.010880 -0.452001 -0.891951
vn 0.183961 -0.422511 -0.887492
vn 0.094040 -0.564570 -0.820010
vn 0.057480 -0.454058 -0.889116
vn 0.183961 -0.422511 -0.887492
vn 0.057480 -0.454058 -0.889116
vn 0.102731 -0.314132 -0.943805
vn 0.811852 -0.286901 0.508511
vn 0.666011 -0.444081 0.599351
vn 0.633124 -0.522293 0.571283
vn 0.811852 -0.286901 0.508511
vn 0.633124 -0.522293 0.571283
vn 0.671711 -0.534391 0.513061
vn 0.506119 -0.407619 0.760059
vn 0.536313 -0.583333 0.609993
vn 0.633124 -0.522293 0.571283
vn 0.506119 -0.407619 0.760059
vn 0.633124 -0.522293 0.571283
vn 0.666011 -0.444081 0.599351
vn 0.532142 -0.716943 0.450352
vn 0.671711 -0.534391 0.513061
vn 0.633124 -0.522293 0.571283
vn 0.532142 -0.716943 0.450352
vn 0.633124 -0.522293 0.571283
vn 0.536313 -0.583333 0.609993
vn -0.003300 0.908910 0.416980
vn -0.073310 0.922594 0.378742
vn -0.102670 0.849141 0.518091
vn -0.003300 0.908910 0.416980
vn -0.102670 0.849141 0.518091
vn -0.076000 0.817571 0.570791
vn -0.147820 0.935740 0.320220
vn -0.145821 0.833773 0.532502
vn -0.102670 0.849141 0.518091
vn -0.147820 0.935740 0.320220
vn -0.102670 0.849141 0.518091
vn -0.073310 0.922594 0.378742
vn -0.156470 0.680391 0.715951
vn -0.076000 0.817571 0.570791
vn -0.102670 0.849141 0.518091
vn -0.156470 0.680391 0.715951
vn -0.102670 0.849141 0.518091
vn -0.145821 0.833773 0.532502
vn -0.162090 0.182720 0.969711
vn -0.162540 0.456191 0.874912
vn -0.254349 0.433218 0.864656
vn -0.162090 0.182720 0.969711
vn -0.254349 0.433218 0.864656
vn -0.322209 0.299939 0.897897
vn -0.156470 0.680391 0.715951
vn -0.321239 0.536208 0.780568
vn -0.254349 0.433218 0.864656
vn -0.156470 0.680391 0.715951
vn -0.254349 0.433218 0.864656
vn -0.162540 0.456191 0.874912
vn -0.505797 0.406868 0.760676
vn -0.322209 0.299939 0.897897
vn -0.254349 0.433218 0.864656
vn -0.505797 0.406868 0.760676
vn -0.254349 0.433218 0.864656
vn -0.321239 0.536208 0.780568
vn -0.149280 -0.979551 -0.134890
vn -0.151040 -0.985450 0.077950
vn -0.242151 -0.966112 0.089390
vn -0.149280 -0.979551 -0.134890
vn -0.242151 -0.966112 0.089390
vn -0.290460 -0.956871 0.005610
vn -0.158239 -0.945947 0.283099
vn -0.305648 -0.932585 0.191999
vn -0.242151 -0.966112 0.089390
vn -0.158239 -0.945947 0.283099
vn -0.242151 -0.966112 0.089390
vn -0.151040 -0.985450 0.077950
vn -0.494958 -0.864177 0.090640
vn -0.290460 -0.956871 0.005610
vn -0.242151 -0.966112 0.089390
vn -0.494958 -0.864177 0.090640
vn -0.242151 -0.966112 0.089390
vn -0.305648 -0.932585 0.191999
vn -0.005720 -0.999876 0.014690
vn 0.070300 -0.996170 -0.051990
vn 0.098030 -0.992922 0.067050
vn -0.005720 -0.999876 0.014690
vn 0.098030 -0.992922 0.067050
vn 0.069160 -0.988754 0.132601
vn 0.148840 -0.979883 -0.132950
vn 0.139630 -0.986943 0.080290
vn 0.098030 -0.992922 0.067050
vn 0.148840 -0.979883 -0.132950
vn 0.098030 -0.992922 0.067050
vn 0.070300 -0.996170 -0.051990
vn 0.144200 -0.945439 0.292150
vn 0.069160 -0.988754 0.132601
vn 0.098030 -0.992922 0.067050
vn 0.144200 -0.945439 0.292150
vn 0.098030 -0.992922 0.067050
vn 0.139630 -0.986943 0.080290
vn 0.563053 0.251151 -0.787334
vn 0.672917 0.133740 -0.727527
vn 0.692797 -0.103770 -0.713627
vn 0.563053 0.251151 -0.787334
vn 0.692797 -0.103770 -0.713627
vn 0.682051 -0.046550 -0.729821
vn 0.770145 -0.012610 -0.637744
vn 0.802335 -0.229151 -0.551133
vn 0.692797 -0.103770 -0.713627
vn 0.770145 -0.012610 -0.637744
vn 0.692797 -0.103770 -0.713627
vn 0.672917 0.133740 -0.727527
vn 0.712090 -0.443690 -0.544120
vn 0.682051 -0.046550 -0.729821
vn 0.692797 -0.103770 -0.713627
vn 0.712090 -0.443690 -0.544120
vn 0.692797 -0.103770 -0.713627
vn 0.802335 -0.229151 -0.551133
vn 0.968200 0.178640 -0.175150
vn 0.962244 -0.085800 0.258311
vn 0.925318 -0.253669 0.281849
vn 0.968200 0.178640 -0.175150
vn 0.925318 -0.253669 0.281849
vn 0.968818 -0.237090 0.071970
vn 0.811852 -0.286901 0.508511
vn 0.819509 -0.420110 0.389760
vn 0.925318 -0.253669 0.281849
vn 0.811852 -0.286901 0.508511
vn 0.925318 -0.253669 0.281849
vn 0.962244 -0.085800 0.258311
vn 0.847178 -0.499249 0.181770
vn 0.968818 -0.237090 0.071970
vn 0.925318 -0.253669 0.281849
vn 0.847178 -0.499249 0.181770
vn 0.925318 -0.253669 0.281849
vn 0.819509 -0.420110 0.389760
vn -0.493201 0.852182 0.174750
vn -0.305341 0.923744 0.231221
vn -0.237840 0.963030 0.126510
vn -0.493201 0.852182 0.174750
vn -0.237840 0.963030 0.126510
vn -0.287640 0.956559 0.047520
vn -0.147820 0.935740 0.320220
vn -0.140590 0.983331 0.115300
vn -0.237840 0.963030 0.126510
vn -0.147820 0.935740 0.320220
vn -0.237840 0.963030 0.126510
vn -0.305341 0.923744 0.231221
vn -0.139870 0.985387 -0.097210
vn -0.287640 0.956559 0.047520
vn -0.237840 0.963030 0.126510
vn -0.139870 0.985387 -0.097210
vn -0.237840 0.963030 0.126510
vn -0.140590 0.983331 0.115300
vn -0.162090 0.182720 0.969711
vn -0.092260 0.178391 0.979625
vn -0.062320 0.378890 0.923341
vn -0.162090 0.182720 0.969711
vn -0.062320 0.378890 0.923341
vn -0.088700 0.426669 0.900048
vn 0.006010 0.171451 0.985174
vn -0.017560 0.401890 0.915520
vn -0.062320 0.378890 0.923341
vn 0.006010 0.171451 0.985174
vn -0.062320 0.378890 0.923341
vn -0.092260 0.178391 0.979625
vn -0.014140 0.619102 0.785183
vn -0.088700 0.426669 0.900048
vn -0.062320 0.378890 0.923341
vn -0.014140 0.619102 0.785183
vn -0.062320 0.378890 0.923341
vn -0.017560 0.401890 0.915520
vn 0.169740 0.689452 -0.704162
vn 0.333811 0.679072 -0.653782
vn 0.413581 0.510091 -0.754161
vn 0.169740 0.689452 -0.704162
vn 0.413581 0.510091 -0.754161
vn 0.339502 0.480163 -0.808815
vn 0.536219 0.624649 -0.567699
vn 0.542927 0.425138 -0.724216
vn 0.413581 0.510091 -0.754161
vn 0.536219 0.624649 -0.567699
vn 0.413581 0.510091 -0.754161
vn 0.333811 0.679072 -0.653782
vn 0.563053 0.251151 -0.787334
vn 0.339502 0.480163 -0.808815
vn 0.413581 0.510091 -0.754161
vn 0.563053 0.251151 -0.787334
vn 0.413581 0.510091 -0.754161
vn 0.542927 0.425138 -0.724216
vn 0.183961 -0.422511 -0.887492
vn 0.346871 -0.280131 -0.895102
vn 0.420219 -0.394319 -0.817269
vn 0.183961 -0.422511 -0.887492
vn 0.420219 -0.394319 -0.817269
vn 0.335370 -0.520050 -0.785541
vn 0.532130 -0.158890 -0.831620
vn 0.546309 -0.372569 -0.750159
vn 0.420219 -0.394319 -0.817269
vn 0.532130 -0.158890 -0.831620
vn 0.420219 -0.394319 -0.817269
vn 0.346871 -0.280131 -0.895102
vn 0.499230 -0.577140 -0.646280
vn 0.335370 -0.520050 -0.785541
vn 0.420219 -0.394319 -0.817269
vn 0.499230 -0.577140 -0.646280
vn 0.420219 -0.394319 -0.817269
vn 0.546309 -0.372569 -0.750159
vn 0.532142 -0.716943 0.450352
vn 0.536313 -0.583333 0.609993
vn 0.396920 -0.638410 0.659460
vn 0.532142 -0.716943 0.450352
vn 0.396920 -0.638410 0.659460
vn 0.313940 -0.741369 0.593139
vn 0.506119 -0.407619 0.760059
vn 0.311170 -0.558899 0.768639
vn 0.396920 -0.638410 0.659460
vn 0.506119 -0.407619 0.760059
vn 0.396920 -0.638410 0.659460
vn 0.536313 -0.583333 0.609993
vn 0.138990 -0.686899 0.713339
vn 0.313940 -0.741369 0.593139
vn 0.396920 -0.638410 0.659460
vn 0.138990 -0.686899 0.713339
vn 0.396920 -0.638410 0.659460
vn 0.311170 -0.558899 0.768639
vn -0.014140 0.619102 0.785183
vn 0.068700 0.538171 0.840031
vn 0.107330 0.645808 0.755918
vn -0.014140 0.619102 0.785183
vn 0.107330 0.645808 0.755918
vn 0.065600 0.735749 0.674069
vn 0.157790 0.413580 0.896690
vn 0.152270 0.641710 0.751680
vn 0.107330 0.645808 0.755918
vn 0.157790 0.413580 0.896690
vn 0.107330 0.645808 0.755918
vn 0.068700 0.538171 0.840031
vn 0.148080 0.812147 0.564348
vn 0.065600 0.735749 0.674069
vn 0.107330 0.645808 0.755918
vn 0.148080 0.812147 0.564348
vn 0.107330 0.645808 0.755918
vn 0.152270 0.641710 0.751680
vn 0.536219 0.624649 -0.567699
vn 0.333811 0.679072 -0.653782
vn 0.276559 0.799276 -0.533547
vn 0.536219 0.624649 -0.567699
vn 0.276559 0.799276 -0.533547
vn 0.330610 0.814901 -0.476061
vn 0.169740 0.689452 -0.704162
vn 0.172920 0.841480 -0.511870
vn 0.276559 0.799276 -0.533547
vn 0.169740 0.689452 -0.704162
vn 0.276559 0.799276 -0.533547
vn 0.333811 0.679072 -0.653782
vn 0.167060 0.935502 -0.311331
vn 0.330610 0.814901 -0.476061
vn 0.276559 0.799276 -0.533547
vn 0.167060 0.935502 -0.311331
vn 0.276559 0.799276 -0.533547
vn 0.172920 0.841480 -0.511870
vn -0.672090 -0.662540 0.330660
vn -0.611382 -0.683813 0.398262
vn -0.614192 -0.592402 0.521372
vn -0.672090 -0.662540 0.330660
vn -0.614192 -0.592402 0.521372
vn -0.648349 -0.539779 0.536919
vn -0.484361 -0.749361 0.451501
vn -0.540811 -0.604862 0.584522
vn -0.614192 -0.592402 0.521372
vn -0.484361 -0.749361 0.451501
vn -0.614192 -0.592402 0.521372
vn -0.611382 -0.683813 0.398262
vn -0.562510 -0.440900 0.699420
vn -0.648349 -0.539779 0.536919
vn -0.614192 -0.592402 0.521372
vn -0.562510 -0.440900 0.699420
vn -0.614192 -0.592402 0.521372
vn -0.540811 -0.604862 0.584522
vn -0.172621 -0.729153 0.662222
vn -0.156690 -0.855232 0.493991
vn -0.112510 -0.870051 0.479951
vn -0.172621 -0.729153 0.662222
vn -0.112510 -0.870051 0.479951
vn -0.085310 -0.843153 0.530862
vn -0.158239 -0.945947 0.283099
vn -0.084160 -0.934541 0.345760
vn -0.112510 -0.870051 0.479951
vn -0.158239 -0.945947 0.283099
vn -0.112510 -0.870051 0.479951
vn -0.156690 -0.855232 0.493991
vn -0.010130 -0.910825 0.412668
vn -0.085310 -0.843153 0.530862
vn -0.112510 -0.870051 0.479951
vn -0.010130 -0.910825 0.412668
vn -0.112510 -0.870051 0.479951
vn -0.084160 -0.934541 0.345760
vn -0.158239 -0.945947 0.283099
vn -0.151040 -0.985450 0.077950
vn -0.110010 -0.991833 0.064540
vn -0.158239 -0.945947 0.283099
vn -0.110010 -0.991833 0.064540
vn -0.083030 -0.988014 0.130131
vn -0.149280 -0.979551 -0.134890
vn -0.079450 -0.995342 -0.054600
vn -0.110010 -0.991833 0.064540
vn -0.149280 -0.979551 -0.134890
vn -0.110010 -0.991833 0.064540
vn -0.151040 -0.985450 0.077950
vn -0.005720 -0.999876 0.014690
vn -0.083030 -0.988014 0.130131
vn -0.110010 -0.991833 0.064540
vn -0.005720 -0.999876 0.014690
vn -0.110010 -0.991833 0.064540
vn -0.079450 -0.995342 -0.054600
vn -0.777309 -0.248900 0.577789
vn -0.687982 -0.338591 0.641902
vn -0.665329 -0.206270 0.717489
vn -0.777309 -0.248900 0.577789
vn -0.665329 -0.206270 0.717489
vn -0.703289 -0.102410 0.703489
vn -0.562510 -0.440900 0.699420
vn -0.579298 -0.217479 0.785568
vn -0.665329 -0.206270 0.717489
vn -0.562510 -0.440900 0.699420
vn -0.665329 -0.206270 0.717489
vn -0.687982 -0.338591 0.641902
vn -0.579989 -0.018760 0.814408
vn -0.703289 -0.102410 0.703489
vn -0.665329 -0.206270 0.717489
vn -0.579989 -0.018760 0.814408
vn -0.665329 -0.206270 0.717489
vn -0.579298 -0.217479 0.785568
vn -0.497909 0.227059 -0.836977
vn -0.418741 0.277981 -0.864513
vn -0.500739 0.296320 -0.813299
vn -0.497909 0.227059 -0.836977
vn -0.500739 0.296320 -0.813299
vn -0.528558 0.364358 -0.766727
vn -0.435630 0.137380 -0.889580
vn -0.557102 0.220731 -0.800572
vn -0.500739 0.296320 -0.813299
vn -0.435630 0.137380 -0.889580
vn -0.500739 0.296320 -0.813299
vn -0.418741 0.277981 -0.864513
vn -0.661249 0.316610 -0.680079
vn -0.528558 0.364358 -0.766727
vn -0.500739 0.296320 -0.813299
vn -0.661249 0.316610 -0.680079
vn -0.500739 0.296320 -0.813299
vn -0.557102 0.220731 -0.800572
vn 0.014810 0.640639 -0.767699
vn 0.093270 0.676288 -0.730708
vn 0.124650 0.507399 -0.852648
vn 0.014810 0.640639 -0.767699
vn 0.124650 0.507399 -0.852648
vn 0.096990 0.454858 -0.885267
vn 0.169740 0.689452 -0.704162
vn 0.175620 0.471269 -0.864328
vn 0.124650 0.507399 -0.852648
vn 0.169740 0.689452 -0.704162
vn 0.124650 0.507399 -0.852648
vn 0.093270 0.676288 -0.730708
vn 0.166329 0.178679 -0.969747
vn 0.096990 0.454858 -0.885267
vn 0.124650 0.507399 -0.852648
vn 0.166329 0.178679 -0.969747
vn 0.124650 0.507399 -0.852648
vn 0.175620 0.471269 -0.864328
vn 0.157790 0.413580 0.896690
vn 0.157980 0.135130 0.978152
vn 0.242421 0.127220 0.961794
vn 0.157790 0.413580 0.896690
vn 0.242421 0.127220 0.961794
vn 0.311159 0.270099 0.911168
vn 0.163020 -0.167390 0.972320
vn 0.307839 -0.039560 0.950616
vn 0.242421 0.127220 0.961794
vn 0.163020 -0.167390 0.972320
vn 0.242421 0.127220 0.961794
vn 0.157980 0.135130 0.978152
vn 0.475969 0.107980 0.872808
vn 0.311159 0.270099 0.911168
vn 0.242421 0.127220 0.961794
vn 0.475969 0.107980 0.872808
vn 0.242421 0.127220 0.961794
vn 0.307839 -0.039560 0.950616
vn 0.021840 -0.231960 -0.972480
vn 0.024680 -0.022850 -0.999434
vn 0.071440 -0.005250 -0.997431
vn 0.021840 -0.231960 -0.972480
vn 0.071440 -0.005250 -0.997431
vn 0.105080 -0.067730 -0.992155
vn 0.008310 0.213210 -0.976971
vn 0.101330 0.209961 -0.972445
vn 0.071440 -0.005250 -0.997431
vn 0.008310 0.213210 -0.976971
vn 0.071440 -0.005250 -0.997431
vn 0.024680 -0.022850 -0.999434
vn 0.166329 0.178679 -0.969747
vn 0.105080 -0.067730 -0.992155
vn 0.071440 -0.005250 -0.997431
vn 0.166329 0.178679 -0.969747
vn 0.071440 -0.005250 -0.997431
vn 0.101330 0.209961 -0.972445
vn -0.162090 0.182720 0.969711
vn -0.190131 -0.107690 0.975835
vn -0.127329 -0.140249 0.981895
vn -0.162090 0.182720 0.969711
vn -0.127329 -0.140249 0.981895
vn -0.094580 -0.085100 0.991873
vn -0.189370 -0.336181 0.922562
vn -0.095310 -0.312850 0.945009
vn -0.127329 -0.140249 0.981895
vn -0.189370 -0.336181 0.922562
vn -0.127329 -0.140249 0.981895
vn -0.190131 -0.107690 0.975835
vn -0.012700 -0.307618 0.951425
vn -0.094580 -0.085100 0.991873
vn -0.127329 -0.140249 0.981895
vn -0.012700 -0.307618 0.951425
vn -0.127329 -0.140249 0.981895
vn -0.095310 -0.312850 0.945009
vn 0.518102 0.501882 0.692593
vn 0.517462 0.659462 0.545292
vn 0.382341 0.735761 0.558991
vn 0.518102 0.501882 0.692593
vn 0.382341 0.735761 0.558991
vn 0.307569 0.693197 0.651827
vn 0.496614 0.766616 0.407033
vn 0.303350 0.832399 0.463779
vn 0.382341 0.735761 0.558991
vn 0.496614 0.766616 0.407033
vn 0.382341 0.735761 0.558991
vn 0.517462 0.659462 0.545292
vn 0.148080 0.812147 0.564348
vn 0.307569 0.693197 0.651827
vn 0.382341 0.735761 0.558991
vn 0.148080 0.812147 0.564348
vn 0.382341 0.735761 0.558991
vn 0.303350 0.832399 0.463779
vn 0.172230 0.976898 0.126520
vn 0.081050 0.995167 0.055450
vn 0.044930 0.981008 0.188690
vn 0.172230 0.976898 0.126520
vn 0.044930 0.981008 0.188690
vn 0.078540 0.959471 0.270640
vn 0.005770 0.999805 0.018860
vn 0.000480 0.978497 0.206259
vn 0.044930 0.981008 0.188690
vn 0.005770 0.999805 0.018860
vn 0.044930 0.981008 0.188690
vn 0.081050 0.995167 0.055450
vn -0.003300 0.908910 0.416980
vn 0.078540 0.959471 0.270640
vn 0.044930 0.981008 0.188690
vn -0.003300 0.908910 0.416980
vn 0.044930 0.981008 0.188690
vn 0.000480 0.978497 0.206259
vn 0.770145 -0.012610 -0.637744
vn 0.672917 0.133740 -0.727527
vn 0.631178 0.351799 -0.691268
vn 0.770145 -0.012610 -0.637744
vn 0.631178 0.351799 -0.691268
vn 0.661066 0.344308 -0.666666
vn 0.563053 0.251151 -0.787334
vn 0.542927 0.425138 -0.724216
vn 0.631178 0.351799 -0.691268
vn 0.563053 0.251151 -0.787334
vn 0.631178 0.351799 -0.691268
vn 0.672917 0.133740 -0.727527
vn 0.536219 0.624649 -0.567699
vn 0.661066 0.344308 -0.666666
vn 0.631178 0.351799 -0.691268
vn 0.536219 0.624649 -0.567699
vn 0.631178 0.351799 -0.691268
vn 0.542927 0.425138 -0.724216
vn -0.089210 0.008220 -0.995979
vn -0.048070 0.090220 -0.994761
vn -0.020130 -0.033300 -0.999243
vn -0.089210 0.008220 -0.995979
vn -0.020130 -0.033300 -0.999243
vn -0.047430 -0.115390 -0.992187
vn 0.008310 0.213210 -0.976971
vn 0.024680 -0.022850 -0.999434
vn -0.020130 -0.033300 -0.999243
vn 0.008310 0.213210 -0.976971
vn -0.020130 -0.033300 -0.999243
vn -0.048070 0.090220 -0.994761
vn 0.021840 -0.231960 -0.972480
vn -0.047430 -0.115390 -0.992187
vn -0.020130 -0.033300 -0.999243
vn 0.021840 -0.231960 -0.972480
vn -0.020130 -0.033300 -0.999243
vn 0.024680 -0.022850 -0.999434
vn -0.579989 -0.018760 0.814408
vn -0.579298 -0.217479 0.785568
vn -0.452629 -0.239660 0.858889
vn -0.579989 -0.018760 0.814408
vn -0.452629 -0.239660 0.858889
vn -0.372311 -0.165881 0.913164
vn -0.562510 -0.440900 0.699420
vn -0.366031 -0.374501 0.851922
vn -0.452629 -0.239660 0.858889
vn -0.562510 -0.440900 0.699420
vn -0.452629 -0.239660 0.858889
vn -0.579298 -0.217479 0.785568
vn -0.189370 -0.336181 0.922562
vn -0.372311 -0.165881 0.913164
vn -0.452629 -0.239660 0.858889
vn -0.189370 -0.336181 0.922562
vn -0.452629 -0.239660 0.858889
vn -0.366031 -0.374501 0.851922
vn 0.167060 0.935502 -0.311331
vn 0.087990 0.934613 -0.344611
vn 0.055540 0.980500 -0.188510
vn 0.167060 0.935502 -0.311331
vn 0.055540 0.980500 -0.188510
vn 0.086590 0.987773 -0.129640
vn 0.013830 0.924187 -0.381689
vn 0.010600 0.985532 -0.169160
vn 0.055540 0.980500 -0.188510
vn 0.013830 0.924187 -0.381689
vn 0.055540 0.980500 -0.188510
vn 0.087990 0.934613 -0.344611
vn 0.005770 0.999805 0.018860
vn 0.086590 0.987773 -0.129640
vn 0.055540 0.980500 -0.188510
vn 0.005770 0.999805 0.018860
vn 0.055540 0.980500 -0.188510
vn 0.010600 0.985532 -0.169160
vn 0.847178 -0.499249 0.181770
vn 0.741083 -0.655523 0.145211
vn 0.780130 -0.617700 -0.099220
vn 0.847178 -0.499249 0.181770
vn 0.780130 -0.617700 -0.099220
vn 0.825065 -0.528113 -0.200911
vn 0.640711 -0.767781 0.001650
vn 0.702580 -0.661830 -0.261460
vn 0.780130 -0.617700 -0.099220
vn 0.640711 -0.767781 0.001650
vn 0.780130 -0.617700 -0.099220
vn 0.741083 -0.655523 0.145211
vn 0.712090 -0.443690 -0.544120
vn 0.825065 -0.528113 -0.200911
vn 0.780130 -0.617700 -0.099220
vn 0.712090 -0.443690 -0.544120
vn 0.780130 -0.617700 -0.099220
vn 0.702580 -0.661830 -0.261460
vn 0.457190 -0.885020 0.087850
vn 0.289111 -0.935145 0.204741
vn 0.230081 -0.968903 0.091050
vn 0.457190 -0.885020 0.087850
vn 0.230081 -0.968903 0.091050
vn 0.292749 -0.956107 -0.012550
vn 0.144200 -0.945439 0.292150
vn 0.139630 -0.986943 0.080290
vn 0.230081 -0.968903 0.091050
vn 0.144200 -0.945439 0.292150
vn 0.230081 -0.968903 0.091050
vn 0.289111 -0.935145 0.204741
vn 0.148840 -0.979883 -0.132950
vn 0.292749 -0.956107 -0.012550
vn 0.230081 -0.968903 0.091050
vn 0.148840 -0.979883 -0.132950
vn 0.230081 -0.968903 0.091050
vn 0.139630 -0.986943 0.080290
vn 0.169740 0.689452 -0.704162
vn 0.093270 0.676288 -0.730708
vn 0.062370 0.805173 -0.589752
vn 0.169740 0.689452 -0.704162
vn 0.062370 0.805173 -0.589752
vn 0.087840 0.836119 -0.541469
vn 0.014810 0.640639 -0.767699
vn 0.022760 0.820871 -0.570660
vn 0.062370 0.805173 -0.589752
vn 0.014810 0.640639 -0.767699
vn 0.062370 0.805173 -0.589752
vn 0.093270 0.676288 -0.730708
vn 0.013830 0.924187 -0.381689
vn 0.087840 0.836119 -0.541469
vn 0.062370 0.805173 -0.589752
vn 0.013830 0.924187 -0.381689
vn 0.062370 0.805173 -0.589752
vn 0.022760 0.820871 -0.570660
vn 0.138990 -0.686899 0.713339
vn 0.156270 -0.447330 0.880611
vn 0.108830 -0.434280 0.894180
vn 0.138990 -0.686899 0.713339
vn 0.108830 -0.434280 0.894180
vn 0.074410 -0.504500 0.860200
vn 0.163020 -0.167390 0.972320
vn 0.072820 -0.278640 0.957631
vn 0.108830 -0.434280 0.894180
vn 0.163020 -0.167390 0.972320
vn 0.108830 -0.434280 0.894180
vn 0.156270 -0.447330 0.880611
vn -0.012700 -0.307618 0.951425
vn 0.074410 -0.504500 0.860200
vn 0.108830 -0.434280 0.894180
vn -0.012700 -0.307618 0.951425
vn 0.108830 -0.434280 0.894180
vn 0.072820 -0.278640 0.957631
vn 0.013830 0.924187 -0.381689
vn -0.057560 0.900295 -0.431458
vn -0.096490 0.944912 -0.312781
vn 0.013830 0.924187 -0.381689
vn -0.096490 0.944912 -0.312781
vn -0.066010 0.969606 -0.235599
vn -0.132419 0.865657 -0.482808
vn -0.141670 0.942953 -0.301281
vn -0.096490 0.944912 -0.312781
vn -0.132419 0.865657 -0.482808
vn -0.096490 0.944912 -0.312781
vn -0.057560 0.900295 -0.431458
vn -0.139870 0.985387 -0.097210
vn -0.066010 0.969606 -0.235599
vn -0.096490 0.944912 -0.312781
vn -0.139870 0.985387 -0.097210
vn -0.096490 0.944912 -0.312781
vn -0.141670 0.942953 -0.301281
vn -0.923409 -0.002440 0.383810
vn -0.960181 -0.058710 0.273140
vn -0.944148 -0.213199 0.251259
vn -0.923409 -0.002440 0.383810
vn -0.944148 -0.213199 0.251259
vn -0.937711 -0.234110 0.256690
vn -0.995573 -0.093740 0.006940
vn -0.961775 -0.256811 0.095061
vn -0.944148 -0.213199 0.251259
vn -0.995573 -0.093740 0.006940
vn -0.944148 -0.213199 0.251259
vn -0.960181 -0.058710 0.273140
vn -0.913339 -0.403489 0.054850
vn -0.937711 -0.234110 0.256690
vn -0.944148 -0.213199 0.251259
vn -0.913339 -0.403489 0.054850
vn -0.944148 -0.213199 0.251259
vn -0.961775 -0.256811 0.095061
vn -0.003540 -0.659498 -0.751698
vn 0.005230 -0.818745 -0.574134
vn -0.033200 -0.821181 -0.569701
vn -0.003540 -0.659498 -0.751698
vn -0.033200 -0.821181 -0.569701
vn -0.066790 -0.752913 -0.654722
vn -0.000060 -0.923508 -0.383579
vn -0.069840 -0.883818 -0.462589
vn -0.033200 -0.821181 -0.569701
vn -0.000060 -0.923508 -0.383579
vn -0.033200 -0.821181 -0.569701
vn 0.005230 -0.818745 -0.574134
vn -0.143410 -0.843690 -0.517320
vn -0.066790 -0.752913 -0.654722
vn -0.033200 -0.821181 -0.569701
vn -0.143410 -0.843690 -0.517320
vn -0.033200 -0.821181 -0.569701
vn -0.069840 -0.883818 -0.462589
vn 0.006010 0.171451 0.985174
vn 0.079970 0.011480 0.996731
vn 0.116740 0.141390 0.983047
vn 0.006010 0.171451 0.985174
vn 0.116740 0.141390 0.983047
vn 0.075570 0.287529 0.954786
vn 0.163020 -0.167390 0.972320
vn 0.157980 0.135130 0.978152
vn 0.116740 0.141390 0.983047
vn 0.163020 -0.167390 0.972320
vn 0.116740 0.141390 0.983047
vn 0.079970 0.011480 0.996731
vn 0.157790 0.413580 0.896690
vn 0.075570 0.287529 0.954786
vn 0.116740 0.141390 0.983047
vn 0.157790 0.413580 0.896690
vn 0.116740 0.141390 0.983047
vn 0.157980 0.135130 0.978152
vn 0.496614 0.766616 0.407033
vn 0.492920 0.825530 0.274830
vn 0.370490 0.896690 0.242250
vn 0.496614 0.766616 0.407033
vn 0.370490 0.896690 0.242250
vn 0.299690 0.906891 0.296200
vn 0.523169 0.845629 0.105860
vn 0.329942 0.938825 0.098721
vn 0.370490 0.896690 0.242250
vn 0.523169 0.845629 0.105860
vn 0.370490 0.896690 0.242250
vn 0.492920 0.825530 0.274830
vn 0.172230 0.976898 0.126520
vn 0.299690 0.906891 0.296200
vn 0.370490 0.896690 0.242250
vn 0.172230 0.976898 0.126520
vn 0.370490 0.896690 0.242250
vn 0.329942 0.938825 0.098721
vn -0.100860 0.351091 -0.930893
vn -0.046130 0.493310 -0.868630
vn -0.017350 0.428470 -0.903390
vn -0.100860 0.351091 -0.930893
vn -0.017350 0.428470 -0.903390
vn -0.046210 0.311870 -0.949000
vn 0.014810 0.640639 -0.767699
vn 0.027360 0.427941 -0.903392
vn -0.017350 0.428470 -0.903390
vn 0.014810 0.640639 -0.767699
vn -0.017350 0.428470 -0.903390
vn -0.046130 0.493310 -0.868630
vn 0.008310 0.213210 -0.976971
vn -0.046210 0.311870 -0.949000
vn -0.017350 0.428470 -0.903390
vn 0.008310 0.213210 -0.976971
vn -0.017350 0.428470 -0.903390
vn 0.027360 0.427941 -0.903392
vn -0.661249 0.316610 -0.680079
vn -0.787702 0.273251 -0.552141
vn -0.772143 0.382251 -0.507622
vn -0.661249 0.316610 -0.680079
vn -0.772143 0.382251 -0.507622
vn -0.719889 0.424079 -0.549469
vn -0.875052 0.237580 -0.421711
vn -0.807088 0.401829 -0.432599
vn -0.772143 0.382251 -0.507622
vn -0.875052 0.237580 -0.421711
vn -0.772143 0.382251 -0.507622
vn -0.787702 0.273251 -0.552141
vn -0.774828 0.353439 -0.524139
vn -0.719889 0.424079 -0.549469
vn -0.772143 0.382251 -0.507622
vn -0.774828 0.353439 -0.524139
vn -0.772143 0.382251 -0.507622
vn -0.807088 0.401829 -0.432599
vn -0.722561 -0.062770 -0.688451
vn -0.847138 -0.063800 -0.527529
vn -0.864097 0.044910 -0.501318
vn -0.722561 -0.062770 -0.688451
vn -0.864097 0.044910 -0.501318
vn -0.827764 0.090600 -0.553713
vn -0.932522 -0.088580 -0.350081
vn -0.916955 0.082810 -0.390302
vn -0.864097 0.044910 -0.501318
vn -0.932522 -0.088580 -0.350081
vn -0.864097 0.044910 -0.501318
vn -0.847138 -0.063800 -0.527529
vn -0.875052 0.237580 -0.421711
vn -0.827764 0.090600 -0.553713
vn -0.864097 0.044910 -0.501318
vn -0.875052 0.237580 -0.421711
vn -0.864097 0.044910 -0.501318
vn -0.916955 0.082810 -0.390302
vn -0.143410 -0.843690 -0.517320
vn -0.150900 -0.929018 -0.337869
vn -0.223861 -0.921245 -0.318112
vn -0.143410 -0.843690 -0.517320
vn -0.223861 -0.921245 -0.318112
vn -0.260291 -0.892942 -0.367291
vn -0.149280 -0.979551 -0.134890
vn -0.268060 -0.941009 -0.206510
vn -0.223861 -0.921245 -0.318112
vn -0.149280 -0.979551 -0.134890
vn -0.223861 -0.921245 -0.318112
vn -0.150900 -0.929018 -0.337869
vn -0.412702 -0.877693 -0.243581
vn -0.260291 -0.892942 -0.367291
vn -0.223861 -0.921245 -0.318112
vn -0.412702 -0.877693 -0.243581
vn -0.223861 -0.921245 -0.318112
vn -0.268060 -0.941009 -0.206510
vn 0.005770 0.999805 0.018860
vn -0.067230 0.997537 -0.020030
vn -0.098010 0.989914 0.102290
vn 0.005770 0.999805 0.018860
vn -0.098010 0.989914 0.102290
vn -0.071560 0.983989 0.163230
vn -0.139870 0.985387 -0.097210
vn -0.140590 0.983331 0.115300
vn -0.098010 0.989914 0.102290
vn -0.139870 0.985387 -0.097210
vn -0.098010 0.989914 0.102290
vn -0.067230 0.997537 -0.020030
vn -0.147820 0.935740 0.320220
vn -0.071560 0.983989 0.163230
vn -0.098010 0.989914 0.102290
vn -0.147820 0.935740 0.320220
vn -0.098010 0.989914 0.102290
vn -0.140590 0.983331 0.115300
vn 0.536219 0.624649 -0.567699
vn 0.494050 0.764110 -0.414790
vn 0.566638 0.737208 -0.368029
vn 0.536219 0.624649 -0.567699
vn 0.566638 0.737208 -0.368029
vn 0.596960 0.693470 -0.403410
vn 0.464453 0.856845 -0.223831
vn 0.577761 0.785711 -0.221020
vn 0.566638 0.737208 -0.368029
vn 0.464453 0.856845 -0.223831
vn 0.566638 0.737208 -0.368029
vn 0.494050 0.764110 -0.414790
vn 0.619242 0.772422 -0.141080
vn 0.596960 0.693470 -0.403410
vn 0.566638 0.737208 -0.368029
vn 0.619242 0.772422 -0.141080
vn 0.566638 0.737208 -0.368029
vn 0.577761 0.785711 -0.221020
vn -0.932522 -0.088580 -0.350081
vn -0.974027 -0.006180 -0.226349
vn -0.971141 0.074080 -0.226710
vn -0.932522 -0.088580 -0.350081
vn -0.971141 0.074080 -0.226710
vn -0.965447 0.079870 -0.248059
vn -0.849047 0.025360 -0.527708
vn -0.915914 0.068590 -0.395472
vn -0.971141 0.074080 -0.226710
vn -0.849047 0.025360 -0.527708
vn -0.971141 0.074080 -0.226710
vn -0.974027 -0.006180 -0.226349
vn -0.908522 0.094710 -0.406961
vn -0.965447 0.079870 -0.248059
vn -0.971141 0.074080 -0.226710
vn -0.908522 0.094710 -0.406961
vn -0.971141 0.074080 -0.226710
vn -0.915914 0.068590 -0.395472
vn -0.132419 0.865657 -0.482808
vn -0.057560 0.900295 -0.431458
vn -0.019600 0.832204 -0.554123
vn -0.132419 0.865657 -0.482808
vn -0.019600 0.832204 -0.554123
vn -0.053250 0.774872 -0.629871
vn 0.013830 0.924187 -0.381689
vn 0.022760 0.820871 -0.570660
vn -0.019600 0.832204 -0.554123
vn 0.013830 0.924187 -0.381689
vn -0.019600 0.832204 -0.554123
vn -0.057560 0.900295 -0.431458
vn 0.014810 0.640639 -0.767699
vn -0.053250 0.774872 -0.629871
vn -0.019600 0.832204 -0.554123
vn 0.014810 0.640639 -0.767699
vn -0.019600 0.832204 -0.554123
vn 0.022760 0.820871 -0.570660
vn 0.464453 0.856845 -0.223831
vn 0.308179 0.906417 -0.288849
vn 0.256931 0.956783 -0.136210
vn 0.464453 0.856845 -0.223831
vn 0.256931 0.956783 -0.136210
vn 0.304859 0.949596 -0.073000
vn 0.167060 0.935502 -0.311331
vn 0.163399 0.981886 -0.095920
vn 0.256931 0.956783 -0.136210
vn 0.167060 0.935502 -0.311331
vn 0.256931 0.956783 -0.136210
vn 0.308179 0.906417 -0.288849
vn 0.172230 0.976898 0.126520
vn 0.304859 0.949596 -0.073000
vn 0.256931 0.956783 -0.136210
vn 0.172230 0.976898 0.126520
vn 0.256931 0.956783 -0.136210
vn 0.163399 0.981886 -0.095920
vn -0.114510 -0.309280 -0.944051
vn -0.057410 -0.301119 -0.951857
vn -0.036320 -0.436738 -0.898855
vn -0.114510 -0.309280 -0.944051
vn -0.036320 -0.436738 -0.898855
vn -0.065990 -0.485810 -0.871570
vn 0.021840 -0.231960 -0.972480
vn 0.010880 -0.452001 -0.891951
vn -0.036320 -0.436738 -0.898855
vn 0.021840 -0.231960 -0.972480
vn -0.036320 -0.436738 -0.898855
vn -0.057410 -0.301119 -0.951857
vn -0.003540 -0.659498 -0.751698
vn -0.065990 -0.485810 -0.871570
vn -0.036320 -0.436738 -0.898855
vn -0.003540 -0.659498 -0.751698
vn -0.036320 -0.436738 -0.898855
vn 0.010880 -0.452001 -0.891951
vn -0.156470 0.680391 0.715951
vn -0.145821 0.833773 0.532502
vn -0.242789 0.810766 0.532647
vn -0.156470 0.680391 0.715951
vn -0.242789 0.810766 0.532647
vn -0.311589 0.719338 0.620858
vn -0.147820 0.935740 0.320220
vn -0.305851 0.851772 0.425371
vn -0.242789 0.810766 0.532647
vn -0.147820 0.935740 0.320220
vn -0.242789 0.810766 0.532647
vn -0.145821 0.833773 0.532502
vn -0.490659 0.724508 0.484089
vn -0.311589 0.719338 0.620858
vn -0.242789 0.810766 0.532647
vn -0.490659 0.724508 0.484089
vn -0.242789 0.810766 0.532647
vn -0.305851 0.851772 0.425371
vn -0.429390 -0.184800 -0.884010
vn -0.475920 -0.305160 -0.824850
vn -0.564970 -0.224400 -0.794011
vn -0.429390 -0.184800 -0.884010
vn -0.564970 -0.224400 -0.794011
vn -0.573908 -0.124780 -0.809357
vn -0.520959 -0.397269 -0.755499
vn -0.628951 -0.247040 -0.737151
vn -0.564970 -0.224400 -0.794011
vn -0.520959 -0.397269 -0.755499
vn -0.564970 -0.224400 -0.794011
vn -0.475920 -0.305160 -0.824850
vn -0.722561 -0.062770 -0.688451
vn -0.573908 -0.124780 -0.809357
vn -0.564970 -0.224400 -0.794011
vn -0.722561 -0.062770 -0.688451
vn -0.564970 -0.224400 -0.794011
vn -0.628951 -0.247040 -0.737151
vn 0.159120 -0.817569 -0.553409
vn 0.319240 -0.718909 -0.617459
vn 0.387440 -0.769520 -0.507670
vn 0.159120 -0.817569 -0.553409
vn 0.387440 -0.769520 -0.507670
vn 0.314261 -0.848022 -0.426731
vn 0.499230 -0.577140 -0.646280
vn 0.513899 -0.713569 -0.476159
vn 0.387440 -0.769520 -0.507670
vn 0.499230 -0.577140 -0.646280
vn 0.387440 -0.769520 -0.507670
vn 0.319240 -0.718909 -0.617459
vn 0.500209 -0.814058 -0.295129
vn 0.314261 -0.848022 -0.426731
vn 0.387440 -0.769520 -0.507670
vn 0.500209 -0.814058 -0.295129
vn 0.387440 -0.769520 -0.507670
vn 0.513899 -0.713569 -0.476159
vn -0.429390 -0.184800 -0.884010
vn -0.447320 -0.031750 -0.893810
vn -0.352262 -0.032570 -0.935335
vn -0.429390 -0.184800 -0.884010
vn -0.352262 -0.032570 -0.935335
vn -0.310901 -0.123370 -0.942402
vn -0.435630 0.137380 -0.889580
vn -0.301639 0.062860 -0.951348
vn -0.352262 -0.032570 -0.935335
vn -0.435630 0.137380 -0.889580
vn -0.352262 -0.032570 -0.935335
vn -0.447320 -0.031750 -0.893810
vn -0.228950 -0.031700 -0.972922
vn -0.310901 -0.123370 -0.942402
vn -0.352262 -0.032570 -0.935335
vn -0.228950 -0.031700 -0.972922
vn -0.352262 -0.032570 -0.935335
vn -0.301639 0.062860 -0.951348
vn 0.619242 0.772422 -0.141080
vn 0.577761 0.785711 -0.221020
vn 0.554907 0.827986 -0.080730
vn 0.619242 0.772422 -0.141080
vn 0.554907 0.827986 -0.080730
vn 0.590971 0.806392 0.022040
vn 0.464453 0.856845 -0.223831
vn 0.484561 0.872292 -0.065630
vn 0.554907 0.827986 -0.080730
vn 0.464453 0.856845 -0.223831
vn 0.554907 0.827986 -0.080730
vn 0.577761 0.785711 -0.221020
vn 0.523169 0.845629 0.105860
vn 0.590971 0.806392 0.022040
vn 0.554907 0.827986 -0.080730
vn 0.523169 0.845629 0.105860
vn 0.554907 0.827986 -0.080730
vn 0.484561 0.872292 -0.065630
vn -0.672090 -0.662540 0.330660
vn -0.748091 -0.476870 0.461470
vn -0.821859 -0.459149 0.337239
vn -0.672090 -0.662540 0.330660
vn -0.821859 -0.459149 0.337239
vn -0.806187 -0.554978 0.205089
vn -0.777309 -0.248900 0.577789
vn -0.888269 -0.331050 0.318410
vn -0.821859 -0.459149 0.337239
vn -0.777309 -0.248900 0.577789
vn -0.821859 -0.459149 0.337239
vn -0.748091 -0.476870 0.461470
vn -0.913339 -0.403489 0.054850
vn -0.806187 -0.554978 0.205089
vn -0.821859 -0.459149 0.337239
vn -0.913339 -0.403489 0.054850
vn -0.821859 -0.459149 0.337239
vn -0.888269 -0.331050 0.318410
vn -0.189370 -0.336181 0.922562
vn -0.186870 -0.539601 0.820921
vn -0.128350 -0.566828 0.813777
vn -0.189370 -0.336181 0.922562
vn -0.128350 -0.566828 0.813777
vn -0.099230 -0.518891 0.849062
vn -0.172621 -0.729153 0.662222
vn -0.092640 -0.711120 0.696940
vn -0.128350 -0.566828 0.813777
vn -0.172621 -0.729153 0.662222
vn -0.128350 -0.566828 0.813777
vn -0.186870 -0.539601 0.820921
vn -0.033490 -0.681190 0.731340
vn -0.099230 -0.518891 0.849062
vn -0.128350 -0.566828 0.813777
vn -0.033490 -0.681190 0.731340
vn -0.128350 -0.566828 0.813777
vn -0.092640 -0.711120 0.696940
vn -0.603588 0.773898 -0.191739
vn -0.584920 0.749690 -0.309570
vn -0.656370 0.433000 -0.617810
vn -0.603588 0.773898 -0.191739
vn -0.656370 0.433000 -0.617810
vn -0.681890 0.324490 -0.655540
vn -0.475139 0.765688 -0.433549
vn -0.672796 0.400318 -0.622166
vn -0.656370 0.433000 -0.617810
vn -0.475139 0.765688 -0.433549
vn -0.656370 0.433000 -0.617810
vn -0.584920 0.749690 -0.309570
vn -0.592609 -0.309710 -0.743569
vn -0.681890 0.324490 -0.655540
vn -0.656370 0.433000 -0.617810
vn -0.592609 -0.309710 -0.743569
vn -0.656370 0.433000 -0.617810
vn -0.672796 0.400318 -0.622166
vn -0.995573 -0.093740 0.006940
vn -0.943244 0.271391 0.191411
vn -0.912470 0.344020 -0.221470
vn -0.995573 -0.093740 0.006940
vn -0.912470 0.344020 -0.221470
vn -0.862431 0.057030 -0.502951
vn -0.696378 0.654008 0.295519
vn -0.827710 0.505770 -0.243090
vn -0.912470 0.344020 -0.221470
vn -0.696378 0.654008 0.295519
vn -0.912470 0.344020 -0.221470
vn -0.943244 0.271391 0.191411
vn -0.436219 0.065580 -0.897448
vn -0.862431 0.057030 -0.502951
vn -0.912470 0.344020 -0.221470
vn -0.436219 0.065580 -0.897448
vn -0.912470 0.344020 -0.221470
vn -0.827710 0.505770 -0.243090
vn -0.436219 0.065580 -0.897448
vn -0.827710 0.505770 -0.243090
vn -0.728567 0.627847 -0.273859
vn -0.436219 0.065580 -0.897448
vn -0.728567 0.627847 -0.273859
vn -0.624909 0.521479 -0.580989
vn -0.696378 0.654008 0.295519
vn -0.623448 0.777777 0.079850
vn -0.728567 0.627847 -0.273859
vn -0.696378 0.654008 0.295519
vn -0.728567 0.627847 -0.273859
vn -0.827710 0.505770 -0.243090
vn -0.603588 0.773898 -0.191739
vn -0.624909 0.521479 -0.580989
vn -0.728567 0.627847 -0.273859
vn -0.603588 0.773898 -0.191739
vn -0.728567 0.627847 -0.273859
vn -0.623448 0.777777 0.079850
vn -0.855822 -0.228791 -0.463921
vn -0.816152 -0.312411 -0.486101
vn -0.704542 0.159690 -0.691462
vn -0.855822 -0.228791 -0.463921
vn -0.704542 0.159690 -0.691462
vn -0.668071 0.227920 -0.708331
vn -0.759535 -0.269618 -0.591956
vn -0.667502 0.278481 -0.690572
vn -0.704542 0.159690 -0.691462
vn -0.759535 -0.269618 -0.591956
vn -0.704542 0.159690 -0.691462
vn -0.816152 -0.312411 -0.486101
vn -0.397451 0.634052 -0.663332
vn -0.668071 0.227920 -0.708331
vn -0.704542 0.159690 -0.691462
vn -0.397451 0.634052 -0.663332
vn -0.704542 0.159690 -0.691462
vn -0.667502 0.278481 -0.690572
vn -0.152810 0.595100 -0.788990
vn -0.112710 0.491311 -0.863661
vn -0.374231 0.337821 -0.863613
vn -0.152810 0.595100 -0.788990
vn -0.374231 0.337821 -0.863613
vn -0.533240 0.276130 -0.799630
vn -0.100860 0.351091 -0.930893
vn -0.472398 0.217189 -0.854207
vn -0.374231 0.337821 -0.863613
vn -0.100860 0.351091 -0.930893
vn -0.374231 0.337821 -0.863613
vn -0.112710 0.491311 -0.863661
vn -0.880149 -0.066980 -0.469949
vn -0.533240 0.276130 -0.799630
vn -0.374231 0.337821 -0.863613
vn -0.880149 -0.066980 -0.469949
vn -0.374231 0.337821 -0.863613
vn -0.472398 0.217189 -0.854207
vn -0.849047 0.025360 -0.527708
vn -0.922080 -0.047290 -0.384100
vn -0.585313 0.126661 -0.800853
vn -0.849047 0.025360 -0.527708
vn -0.585313 0.126661 -0.800853
vn -0.487072 0.145161 -0.861214
vn -0.880149 -0.066980 -0.469949
vn -0.472398 0.217189 -0.854207
vn -0.585313 0.126661 -0.800853
vn -0.880149 -0.066980 -0.469949
vn -0.585313 0.126661 -0.800853
vn -0.922080 -0.047290 -0.384100
vn -0.100860 0.351091 -0.930893
vn -0.487072 0.145161 -0.861214
vn -0.585313 0.126661 -0.800853
vn -0.100860 0.351091 -0.930893
vn -0.585313 0.126661 -0.800853
vn -0.472398 0.217189 -0.854207
vn -0.467551 -0.566931 -0.678222
vn -0.460691 -0.681051 -0.569151
vn -0.661962 -0.376971 -0.647842
vn -0.467551 -0.566931 -0.678222
vn -0.661962 -0.376971 -0.647842
vn -0.682968 -0.135940 -0.717688
vn -0.474839 -0.763178 -0.438279
vn -0.690756 -0.370128 -0.621177
vn -0.661962 -0.376971 -0.647842
vn -0.474839 -0.763178 -0.438279
vn -0.661962 -0.376971 -0.647842
vn -0.460691 -0.681051 -0.569151
vn -0.674448 0.266629 -0.688498
vn -0.682968 -0.135940 -0.717688
vn -0.661962 -0.376971 -0.647842
vn -0.674448 0.266629 -0.688498
vn -0.661962 -0.376971 -0.647842
vn -0.690756 -0.370128 -0.621177
vn -0.849047 0.025360 -0.527708
vn -0.386151 0.024840 -0.922101
vn -0.351301 -0.063110 -0.934133
vn -0.849047 0.025360 -0.527708
vn -0.351301 -0.063110 -0.934133
vn -0.503138 -0.091980 -0.859297
vn -0.089210 0.008220 -0.995979
vn -0.120760 -0.144480 -0.982111
vn -0.351301 -0.063110 -0.934133
vn -0.089210 0.008220 -0.995979
vn -0.351301 -0.063110 -0.934133
vn -0.386151 0.024840 -0.922101
vn -0.114510 -0.309280 -0.944051
vn -0.503138 -0.091980 -0.859297
vn -0.351301 -0.063110 -0.934133
vn -0.114510 -0.309280 -0.944051
vn -0.351301 -0.063110 -0.934133
vn -0.120760 -0.144480 -0.982111
vn -0.475139 0.765688 -0.433549
vn -0.419939 0.744877 -0.518468
vn -0.631782 0.379091 -0.676122
vn -0.475139 0.765688 -0.433549
vn -0.631782 0.379091 -0.676122
vn -0.671651 0.325871 -0.665351
vn -0.397451 0.634052 -0.663332
vn -0.667502 0.278481 -0.690572
vn -0.631782 0.379091 -0.676122
vn -0.397451 0.634052 -0.663332
vn -0.631782 0.379091 -0.676122
vn -0.419939 0.744877 -0.518468
vn -0.759535 -0.269618 -0.591956
vn -0.671651 0.325871 -0.665351
vn -0.631782 0.379091 -0.676122
vn -0.759535 -0.269618 -0.591956
vn -0.631782 0.379091 -0.676122
vn -0.667502 0.278481 -0.690572
vn -0.908522 0.094710 -0.406961
vn -0.506149 -0.154090 -0.848569
vn -0.419150 -0.268200 -0.867400
vn -0.908522 0.094710 -0.406961
vn -0.419150 -0.268200 -0.867400
vn -0.568199 -0.209640 -0.795739
vn -0.114510 -0.309280 -0.944051
vn -0.121250 -0.456120 -0.881620
vn -0.419150 -0.268200 -0.867400
vn -0.114510 -0.309280 -0.944051
vn -0.419150 -0.268200 -0.867400
vn -0.506149 -0.154090 -0.848569
vn -0.186841 -0.560283 -0.806954
vn -0.568199 -0.209640 -0.795739
vn -0.419150 -0.268200 -0.867400
vn -0.186841 -0.560283 -0.806954
vn -0.419150 -0.268200 -0.867400
vn -0.121250 -0.456120 -0.881620
vn -0.995573 -0.093740 0.006940
vn -0.780436 -0.072930 -0.620967
vn -0.738666 -0.112269 -0.664656
vn -0.995573 -0.093740 0.006940
vn -0.738666 -0.112269 -0.664656
vn -0.818958 -0.156370 -0.552139
vn -0.243620 -0.021520 -0.969632
vn -0.288509 -0.001170 -0.957476
vn -0.738666 -0.112269 -0.664656
vn -0.243620 -0.021520 -0.969632
vn -0.738666 -0.112269 -0.664656
vn -0.780436 -0.072930 -0.620967
vn -0.407532 -0.007120 -0.913163
vn -0.818958 -0.156370 -0.552139
vn -0.738666 -0.112269 -0.664656
vn -0.407532 -0.007120 -0.913163
vn -0.738666 -0.112269 -0.664656
vn -0.288509 -0.001170 -0.957476
vn -0.676089 -0.717799 -0.166340
vn -0.665870 -0.371530 -0.646980
vn -0.615981 -0.287890 -0.733271
vn -0.676089 -0.717799 -0.166340
vn -0.615981 -0.287890 -0.733271
vn -0.651831 -0.339511 -0.678121
vn -0.359940 0.100190 -0.927580
vn -0.390369 0.178960 -0.903098
vn -0.615981 -0.287890 -0.733271
vn -0.359940 0.100190 -0.927580
vn -0.615981 -0.287890 -0.733271
vn -0.665870 -0.371530 -0.646980
vn -0.497909 0.227059 -0.836977
vn -0.651831 -0.339511 -0.678121
vn -0.615981 -0.287890 -0.733271
vn -0.497909 0.227059 -0.836977
vn -0.615981 -0.287890 -0.733271
vn -0.390369 0.178960 -0.903098
vn -0.774828 0.353439 -0.524139
vn -0.834933 0.317871 -0.449272
vn -0.659198 -0.188700 -0.727908
vn -0.774828 0.353439 -0.524139
vn -0.659198 -0.188700 -0.727908
vn -0.639090 -0.182320 -0.747210
vn -0.874989 0.305470 -0.375610
vn -0.617190 -0.222970 -0.754560
vn -0.659198 -0.188700 -0.727908
vn -0.874989 0.305470 -0.375610
vn -0.659198 -0.188700 -0.727908
vn -0.834933 0.317871 -0.449272
vn -0.186841 -0.560283 -0.806954
vn -0.639090 -0.182320 -0.747210
vn -0.659198 -0.188700 -0.727908
vn -0.186841 -0.560283 -0.806954
vn -0.659198 -0.188700 -0.727908
vn -0.617190 -0.222970 -0.754560
vn -0.913339 -0.403489 0.054850
vn -0.824643 -0.267691 -0.498302
vn -0.731582 -0.276101 -0.623342
vn -0.913339 -0.403489 0.054850
vn -0.731582 -0.276101 -0.623342
vn -0.748221 -0.273171 -0.604601
vn -0.407532 -0.007120 -0.913163
vn -0.365832 0.033610 -0.930074
vn -0.731582 -0.276101 -0.623342
vn -0.407532 -0.007120 -0.913163
vn -0.731582 -0.276101 -0.623342
vn -0.824643 -0.267691 -0.498302
vn -0.359940 0.100190 -0.927580
vn -0.748221 -0.273171 -0.604601
vn -0.731582 -0.276101 -0.623342
vn -0.359940 0.100190 -0.927580
vn -0.731582 -0.276101 -0.623342
vn -0.365832 0.033610 -0.930074
vn -0.651122 -0.700542 -0.292031
vn -0.689262 -0.313481 -0.653182
vn -0.715246 -0.187299 -0.673307
vn -0.651122 -0.700542 -0.292031
vn -0.715246 -0.187299 -0.673307
vn -0.750002 -0.208720 -0.627641
vn -0.497909 0.227059 -0.836977
vn -0.581041 0.312350 -0.751551
vn -0.715246 -0.187299 -0.673307
vn -0.497909 0.227059 -0.836977
vn -0.715246 -0.187299 -0.673307
vn -0.689262 -0.313481 -0.653182
vn -0.674448 0.266629 -0.688498
vn -0.750002 -0.208720 -0.627641
vn -0.715246 -0.187299 -0.673307
vn -0.674448 0.266629 -0.688498
vn -0.715246 -0.187299 -0.673307
vn -0.581041 0.312350 -0.751551
vn -0.494958 -0.864177 0.090640
vn -0.495962 -0.822664 0.277931
vn -0.576049 -0.768939 0.277310
vn -0.494958 -0.864177 0.090640
vn -0.576049 -0.768939 0.277310
vn -0.605971 -0.773101 0.187390
vn -0.484361 -0.749361 0.451501
vn -0.611382 -0.683813 0.398262
vn -0.576049 -0.768939 0.277310
vn -0.484361 -0.749361 0.451501
vn -0.576049 -0.768939 0.277310
vn -0.495962 -0.822664 0.277931
vn -0.672090 -0.662540 0.330660
vn -0.605971 -0.773101 0.187390
vn -0.576049 -0.768939 0.277310
vn -0.672090 -0.662540 0.330660
vn -0.576049 -0.768939 0.277310
vn -0.611382 -0.683813 0.398262
s off
g rice_grains:Mesh
usemtl initialShadingGroup
f 1/342/1 2/355/2 3/361/3
f 1/342/4 3/361/5 4/366/6
f 5/354/7 6/372/8 3/361/9
f 5/354/10 3/361/11 2/355/12
f 7/373/13 4/366/14 3/361/15
f 7/482/16 3/529/17 6/524/18
f 8/5/19 9/25/20 10/26/21
f 8/5/22 10/26/23 11/18/24
f 12/604/25 13/621/26 10/625/27
f 12/604/28 10/625/29 9/628/30
f 14/624/31 11/629/32 10/625/33
f 14/624/34 10/625/35 13/621/36
f 15/247/37 16/275/38 17/255/39
f 15/247/40 17/255/41 18/248/42
f 19/882/43 20/883/44 17/884/45
f 19/286/46 17/255/47 16/275/48
f 21/236/49 18/248/50 17/255/51
f 21/236/52 17/255/53 20/265/54
f 22/1/55 23/2/56 24/3/57
f 22/1/58 24/3/59 25/6/60
f 8/5/61 26/8/62 24/3/63
f 8/5/64 24/3/65 23/2/66
f 27/9/67 25/6/68 24/3/69
f 27/9/70 24/3/71 26/8/72
f 7/373/73 28/391/74 29/386/75
f 7/373/76 29/386/77 30/382/78
f 31/473/79 32/474/80 29/475/81
f 31/473/82 29/475/83 28/477/84
f 33/379/85 30/382/86 29/386/87
f 33/379/88 29/386/89 32/393/90
f 34/562/91 35/563/92 36/564/93
f 34/562/94 36/564/95 37/567/96
f 38/566/97 39/569/98 36/564/99
f 38/566/100 36/564/101 35/563/102
f 40/570/103 37/567/104 36/564/105
f 40/570/106 36/564/107 39/569/108
f 41/609/109 42/613/110 43/616/111
f 41/609/112 43/616/113 44/620/114
f 45/244/115 46/293/116 43/309/117
f 45/244/118 43/309/119 42/310/120
f 47/622/121 44/620/122 43/616/123
f 47/622/124 43/616/125 46/627/126
f 7/482/127 48/495/128 49/492/129
f 7/482/130 49/492/131 50/486/132
f 51/500/133 52/501/134 49/492/135
f 51/500/136 49/492/137 48/495/138
f 53/487/139 50/486/140 49/492/141
f 53/487/142 49/492/143 52/501/144
f 54/617/145 55/614/146 56/612/147
f 54/617/148 56/612/149 57/615/150
f 12/604/151 58/610/152 56/612/153
f 12/604/154 56/612/155 55/614/156
f 41/609/157 57/615/158 56/612/159
f 41/609/160 56/612/161 58/610/162
f 59/154/163 60/165/164 61/161/165
f 59/154/166 61/161/167 62/157/168
f 63/526/169 64/541/170 61/545/171
f 63/168/172 61/161/173 60/165/174
f 65/150/175 62/157/176 61/161/177
f 65/703/178 61/704/179 64/705/180
f 66/225/181 67/226/182 68/227/183
f 66/225/184 68/227/185 69/230/186
f 70/229/187 71/232/188 68/227/189
f 70/229/190 68/227/191 67/226/192
f 72/233/193 69/230/194 68/227/195
f 72/233/196 68/227/197 71/232/198
f 73/399/199 74/400/200 75/401/201
f 73/399/202 75/401/203 76/404/204
f 77/403/205 78/406/206 75/401/207
f 77/403/208 75/401/209 74/400/210
f 79/407/211 76/404/212 75/401/213
f 79/407/214 75/401/215 78/406/216
f 80/630/217 81/631/218 82/632/219
f 80/630/220 82/632/221 83/635/222
f 84/634/223 85/637/224 82/632/225
f 84/634/226 82/632/227 81/631/228
f 86/638/229 83/635/230 82/632/231
f 86/638/232 82/632/233 85/637/234
f 87/583/235 88/594/236 89/598/237
f 87/583/238 89/598/239 90/602/240
f 91/593/241 92/606/242 89/598/243
f 91/593/244 89/598/245 88/594/246
f 19/607/247 90/602/248 89/598/249
f 19/607/250 89/598/251 92/606/252
f 93/417/253 94/415/254 95/416/255
f 93/417/256 95/416/257 96/422/258
f 73/399/259 97/419/260 95/416/261
f 73/399/262 95/416/263 94/415/264
f 98/421/265 96/422/266 95/416/267
f 98/421/268 95/416/269 97/419/270
f 99/672/271 100/670/272 101/668/273
f 99/672/274 101/668/275 102/669/276
f 103/660/277 104/665/278 101/668/279
f 103/660/280 101/668/281 100/670/282
f 105/658/283 102/669/284 101/668/285
f 105/658/286 101/668/287 104/665/288
f 106/666/289 107/664/290 108/663/291
f 106/666/292 108/663/293 109/671/294
f 110/641/295 111/661/296 108/663/297
f 110/641/298 108/663/299 107/664/300
f 112/674/301 109/671/302 108/663/303
f 112/447/304 108/467/305 111/462/306
f 113/356/307 114/357/308 115/344/309
f 113/356/310 115/344/311 116/351/312
f 117/332/313 118/337/314 115/344/315
f 117/332/316 115/344/317 114/357/318
f 119/317/319 116/351/320 115/344/321
f 119/317/322 115/344/323 118/337/324
f 120/291/325 121/281/326 122/280/327
f 120/291/328 122/280/329 123/305/330
f 72/233/331 124/269/332 122/280/333
f 72/233/334 122/280/335 121/281/336
f 125/279/337 123/305/338 122/280/339
f 125/279/340 122/280/341 124/269/342
f 126/92/343 127/144/344 128/137/345
f 126/92/346 128/137/347 129/127/348
f 65/150/349 130/151/350 128/137/351
f 65/150/352 128/137/353 127/144/354
f 131/128/355 129/127/356 128/137/357
f 131/128/358 128/137/359 130/151/360
f 132/784/361 133/785/362 134/786/363
f 132/784/364 134/786/365 135/789/366
f 136/788/367 137/791/368 134/786/369
f 136/788/370 134/786/371 133/785/372
f 138/792/373 135/789/374 134/786/375
f 138/792/376 134/786/377 137/791/378
f 132/784/379 139/798/380 140/804/381
f 132/784/382 140/804/383 141/812/384
f 142/803/385 143/820/386 140/804/387
f 142/803/388 140/804/389 139/798/390
f 144/821/391 141/812/392 140/804/393
f 144/821/394 140/804/395 143/820/396
f 145/368/397 146/369/398 147/358/399
f 145/368/400 147/358/401 148/364/402
f 149/345/403 150/352/404 147/358/405
f 149/345/406 147/358/407 146/369/408
f 117/332/409 148/364/410 147/358/411
f 117/332/412 147/358/413 150/352/414
f 151/806/415 152/831/416 153/813/417
f 151/806/418 153/813/419 154/807/420
f 27/9/421 155/43/422 153/44/423
f 27/9/424 153/44/425 152/35/426
f 156/795/427 154/807/428 153/813/429
f 156/795/430 153/813/431 155/823/432
f 157/104/433 158/141/434 159/126/435
f 157/104/436 159/126/437 160/115/438
f 161/142/439 162/136/440 159/126/441
f 161/142/442 159/126/443 158/141/444
f 126/92/445 160/115/446 159/126/447
f 126/92/448 159/126/449 162/136/450
f 84/634/451 163/642/452 164/645/453
f 84/634/454 164/645/455 165/651/456
f 110/641/457 166/655/458 164/645/459
f 110/641/460 164/645/461 163/642/462
f 167/656/463 165/651/464 164/645/465
f 167/656/466 164/645/467 166/655/468
f 40/263/469 168/262/470 169/273/471
f 40/263/472 169/273/473 170/296/474
f 45/244/475 171/283/476 169/273/477
f 45/244/478 169/273/479 168/262/480
f 172/295/481 170/296/482 169/273/483
f 172/295/484 169/273/485 171/283/486
f 173/735/487 174/739/488 175/744/489
f 173/735/490 175/744/491 176/752/492
f 177/730/493 178/747/494 175/744/495
f 177/730/496 175/744/497 174/739/498
f 179/751/499 176/752/500 175/744/501
f 179/751/502 175/744/503 178/747/504
f 180/302/505 181/349/506 182/341/507
f 180/302/508 182/341/509 183/336/510
f 5/354/511 2/355/512 182/341/513
f 5/354/514 182/341/515 181/349/516
f 1/342/517 183/336/518 182/341/519
f 1/342/520 182/341/521 2/355/522
f 34/562/523 184/568/524 185/565/525
f 34/562/526 185/565/527 35/563/528
f 186/572/529 187/573/530 185/565/531
f 186/572/532 185/565/533 184/568/534
f 38/566/535 35/563/536 185/565/537
f 38/566/538 185/565/539 187/573/540
f 142/803/541 188/841/542 189/842/543
f 142/803/544 189/842/545 190/837/546
f 191/847/547 192/852/548 189/842/549
f 191/847/550 189/842/551 188/841/552
f 193/843/553 190/837/554 189/842/555
f 193/843/556 189/842/557 192/852/558
f 138/792/559 194/810/560 195/818/561
f 138/792/562 195/818/563 196/826/564
f 197/271/565 198/292/566 195/306/567
f 197/271/568 195/306/569 194/320/570
f 120/291/571 196/327/572 195/306/573
f 120/291/574 195/306/575 198/292/576
f 199/12/577 200/32/578 201/17/579
f 199/12/580 201/17/581 202/13/582
f 12/33/583 9/25/584 201/17/585
f 12/33/586 201/17/587 200/32/588
f 8/5/589 202/13/590 201/17/591
f 8/5/592 201/17/593 9/25/594
f 193/843/595 203/864/596 204/863/597
f 193/843/598 204/863/599 205/857/600
f 206/546/601 207/557/602 204/555/603
f 206/546/604 204/555/605 203/552/606
f 208/558/607 205/559/608 204/555/609
f 208/558/610 204/555/611 207/557/612
f 93/417/613 96/422/614 209/424/615
f 93/417/616 209/424/617 210/428/618
f 98/421/619 211/431/620 209/424/621
f 98/421/622 209/424/623 96/422/624
f 212/432/625 210/428/626 209/424/627
f 212/432/628 209/424/629 211/431/630
f 34/562/631 213/575/632 214/580/633
f 34/562/634 214/580/635 215/585/636
f 172/579/637 216/590/638 214/580/639
f 172/579/640 214/580/641 213/575/642
f 217/591/643 215/585/644 214/580/645
f 217/591/646 214/580/647 216/590/648
f 51/709/649 218/710/650 219/708/651
f 51/709/652 219/708/653 220/707/654
f 131/712/655 130/714/656 219/708/657
f 131/712/658 219/708/659 218/710/660
f 65/703/661 220/707/662 219/708/663
f 65/150/664 219/158/665 130/151/666
f 180/302/667 221/330/668 222/335/669
f 180/302/670 222/335/671 223/340/672
f 179/314/673 178/346/674 222/335/675
f 179/314/676 222/335/677 221/330/678
f 177/347/679 223/340/680 222/335/681
f 177/730/682 222/750/683 178/747/684
f 224/23/685 225/24/686 226/11/687
f 224/23/688 226/11/689 227/16/690
f 199/12/691 228/7/692 226/11/693
f 199/12/694 226/11/695 225/24/696
f 22/1/697 227/16/698 226/11/699
f 22/1/700 226/11/701 228/7/702
f 27/9/703 229/27/704 230/34/705
f 27/9/706 230/34/707 155/43/708
f 14/839/709 231/833/710 230/832/711
f 14/839/712 230/832/713 229/850/714
f 156/795/715 155/823/716 230/832/717
f 156/795/718 230/832/719 231/833/720
f 45/244/721 232/243/722 233/253/723
f 45/244/724 233/253/725 234/272/726
f 72/233/727 235/261/728 233/253/729
f 72/233/730 233/253/731 232/243/732
f 197/271/733 234/272/734 233/253/735
f 197/271/736 233/253/737 235/261/738
f 179/751/739 236/760/740 237/754/741
f 179/751/742 237/754/743 176/752/744
f 238/757/745 239/755/746 237/754/747
f 238/757/748 237/754/749 236/760/750
f 173/735/751 176/752/752 237/754/753
f 173/735/754 237/754/755 239/755/756
f 240/50/757 241/77/758 242/85/759
f 240/50/760 242/85/761 243/95/762
f 244/76/763 245/107/764 242/85/765
f 244/76/766 242/85/767 241/77/768
f 246/108/769 243/95/770 242/85/771
f 246/108/772 242/85/773 245/107/774
f 247/387/775 248/384/776 249/383/777
f 247/387/778 249/383/779 250/392/780
f 113/356/781 251/380/782 249/383/783
f 113/356/784 249/383/785 248/384/786
f 33/379/787 250/392/788 249/383/789
f 33/379/790 249/383/791 251/380/792
f 117/332/793 252/333/794 253/319/795
f 117/332/796 253/319/797 254/326/798
f 120/291/799 123/305/800 253/319/801
f 120/291/802 253/319/803 252/333/804
f 125/279/805 254/326/806 253/319/807
f 125/279/808 253/319/809 123/305/810
f 149/345/811 255/353/812 256/334/813
f 149/345/814 256/334/815 257/339/816
f 138/792/817 196/826/818 256/827/819
f 138/792/820 256/827/821 255/819/822
f 120/291/823 257/339/824 256/334/825
f 120/291/826 256/334/827 196/327/828
f 33/379/829 258/375/830 259/374/831
f 33/379/832 259/374/833 30/382/834
f 1/342/835 4/366/836 259/374/837
f 1/342/838 259/374/839 258/375/840
f 7/373/841 30/382/842 259/374/843
f 7/373/844 259/374/845 4/366/846
f 212/432/847 260/445/848 261/449/849
f 212/432/850 261/449/851 262/452/852
f 263/444/853 264/455/854 261/449/855
f 263/444/856 261/449/857 260/445/858
f 265/456/859 262/452/860 261/449/861
f 265/456/862 261/449/863 264/455/864
f 266/413/865 267/414/866 268/408/867
f 266/413/868 268/408/869 269/411/870
f 270/409/871 271/405/872 268/408/873
f 270/409/874 268/408/875 267/414/876
f 73/399/877 269/411/878 268/408/879
f 73/399/880 268/408/881 271/405/882
f 272/39/883 273/30/884 274/38/885
f 272/39/886 274/38/887 275/55/888
f 22/1/889 276/29/890 274/38/891
f 22/1/892 274/38/893 273/30/894
f 277/37/895 275/55/896 274/38/897
f 277/37/898 274/38/899 276/29/900
f 38/566/901 278/581/902 279/588/903
f 38/566/904 279/588/905 280/589/906
f 281/587/907 282/597/908 279/588/909
f 281/587/910 279/588/911 278/581/912
f 91/593/913 280/589/914 279/588/915
f 91/593/916 279/588/917 282/597/918
f 283/257/919 284/256/920 285/266/921
f 283/257/922 285/266/923 286/287/924
f 21/236/925 20/265/926 285/266/927
f 21/236/928 285/266/929 284/256/930
f 19/780/931 286/782/932 285/783/933
f 19/286/934 285/266/935 20/265/936
f 287/20/937 288/15/938 289/10/939
f 287/20/940 289/10/941 290/19/942
f 22/1/943 25/6/944 289/10/945
f 22/1/946 289/10/947 288/15/948
f 27/9/949 290/19/950 289/10/951
f 27/9/952 289/10/953 25/6/954
f 180/302/955 291/289/956 292/277/957
f 180/302/958 292/277/959 293/301/960
f 294/251/961 295/268/962 292/277/963
f 294/251/964 292/277/965 291/289/966
f 296/267/967 293/301/968 292/277/969
f 296/267/970 292/277/971 295/268/972
f 19/780/973 297/778/974 298/777/975
f 19/780/976 298/777/977 286/782/978
f 238/757/979 299/773/980 298/777/981
f 238/757/982 298/777/983 297/778/984
f 283/257/985 286/287/986 298/299/987
f 283/257/988 298/299/989 299/312/990
f 300/749/991 301/748/992 302/753/993
f 300/749/994 302/753/995 303/758/996
f 173/735/997 239/755/998 302/753/999
f 173/735/1000 302/753/1001 301/748/1002
f 238/757/1003 303/758/1004 302/753/1005
f 238/757/1006 302/753/1007 239/755/1008
f 217/58/1009 304/69/1010 305/78/1011
f 217/58/1012 305/78/1013 215/98/1014
f 240/50/1015 306/86/1016 305/78/1017
f 240/50/1018 305/78/1019 304/69/1020
f 34/97/1021 215/98/1022 305/78/1023
f 34/97/1024 305/78/1025 306/86/1026
f 307/62/1027 308/54/1028 309/61/1029
f 307/62/1030 309/61/1031 310/80/1032
f 287/20/1033 311/60/1034 309/61/1035
f 287/20/1036 309/61/1037 308/54/1038
f 312/71/1039 310/80/1040 309/61/1041
f 312/71/1042 309/61/1043 311/60/1044
f 1/342/1045 313/343/1046 314/331/1047
f 1/342/1048 314/331/1049 183/336/1050
f 119/317/1051 315/324/1052 314/331/1053
f 119/317/1054 314/331/1055 313/343/1056
f 180/302/1057 183/336/1058 314/331/1059
f 180/302/1060 314/331/1061 315/324/1062
f 244/76/1063 316/118/1064 317/129/1065
f 244/76/1066 317/129/1067 318/130/1068
f 319/725/1069 320/745/1070 317/746/1071
f 319/725/1072 317/746/1073 316/741/1074
f 300/749/1075 318/756/1076 317/746/1077
f 300/749/1078 317/746/1079 320/745/1080
f 172/579/1081 321/599/1082 322/595/1083
f 172/579/1084 322/595/1085 216/590/1086
f 12/604/1087 323/605/1088 322/595/1089
f 12/604/1090 322/595/1091 321/599/1092
f 217/591/1093 216/590/1094 322/595/1095
f 217/591/1096 322/595/1097 323/605/1098
f 47/825/1099 324/817/1100 325/816/1101
f 47/825/1102 325/816/1103 326/834/1104
f 136/788/1105 327/808/1106 325/816/1107
f 136/788/1108 325/816/1109 324/817/1110
f 54/815/1111 326/834/1112 325/816/1113
f 54/815/1114 325/816/1115 327/808/1116
f 294/251/1117 328/242/1118 329/250/1119
f 294/251/1120 329/250/1121 295/268/1122
f 70/229/1123 330/259/1124 329/250/1125
f 70/229/1126 329/250/1127 328/242/1128
f 296/267/1129 295/268/1130 329/250/1131
f 296/267/1132 329/250/1133 330/259/1134
f 224/23/1135 331/56/1136 332/67/1137
f 224/23/1138 332/67/1139 333/68/1140
f 334/66/1141 335/84/1142 332/67/1143
f 334/66/1144 332/67/1145 331/56/1146
f 244/76/1147 333/68/1148 332/67/1149
f 244/76/1150 332/67/1151 335/84/1152
f 72/233/1153 336/252/1154 337/260/1155
f 72/233/1156 337/260/1157 124/269/1158
f 294/251/1159 338/278/1160 337/260/1161
f 294/251/1162 337/260/1163 336/252/1164
f 125/279/1165 124/269/1166 337/260/1167
f 125/279/1168 337/260/1169 338/278/1170
f 334/66/1171 339/116/1172 340/117/1173
f 334/66/1174 340/117/1175 341/106/1176
f 131/712/1177 342/722/1178 340/726/1179
f 131/128/1180 340/117/1181 339/116/1182
f 319/725/1183 341/733/1184 340/726/1185
f 319/725/1186 340/726/1187 342/722/1188
f 31/473/1189 343/478/1190 344/476/1191
f 31/473/1192 344/476/1193 32/474/1194
f 345/481/1195 346/485/1196 344/476/1197
f 345/481/1198 344/476/1199 343/478/1200
f 33/379/1201 32/393/1202 344/395/1203
f 33/379/1204 344/395/1205 346/396/1206
f 103/660/1207 100/670/1208 347/673/1209
f 103/660/1210 347/673/1211 348/675/1212
f 99/672/1213 349/676/1214 347/673/1215
f 99/672/1216 347/673/1217 100/670/1218
f 350/468/1219 348/470/1220 347/471/1221
f 350/468/1222 347/471/1223 349/472/1224
f 151/806/1225 351/822/1226 352/830/1227
f 151/806/1228 352/830/1229 353/838/1230
f 144/821/1231 354/845/1232 352/830/1233
f 144/821/1234 352/830/1235 351/822/1236
f 355/846/1237 353/838/1238 352/830/1239
f 355/846/1240 352/830/1241 354/845/1242
f 106/872/1243 109/873/1244 356/874/1245
f 106/872/1246 356/874/1247 357/876/1248
f 112/875/1249 358/877/1250 356/874/1251
f 112/875/1252 356/874/1253 109/873/1254
f 359/878/1255 357/876/1256 356/874/1257
f 359/878/1258 356/874/1259 358/877/1260
f 54/617/1261 57/615/1262 360/619/1263
f 54/617/1264 360/619/1265 326/626/1266
f 41/609/1267 44/620/1268 360/619/1269
f 41/609/1270 360/619/1271 57/615/1272
f 47/622/1273 326/626/1274 360/619/1275
f 47/622/1276 360/619/1277 44/620/1278
f 296/267/1279 361/276/1280 362/288/1281
f 296/267/1282 362/288/1283 363/315/1284
f 283/257/1285 364/300/1286 362/288/1287
f 283/257/1288 362/288/1289 361/276/1290
f 179/314/1291 363/315/1292 362/288/1293
f 179/314/1294 362/288/1295 364/300/1296
f 91/769/1297 365/764/1298 366/761/1299
f 91/769/1300 366/761/1301 367/768/1302
f 300/749/1303 303/758/1304 366/761/1305
f 300/749/1306 366/761/1307 365/764/1308
f 238/757/1309 367/768/1310 366/761/1311
f 238/757/1312 366/761/1313 303/758/1314
f 368/81/1315 369/73/1316 370/72/1317
f 368/81/1318 370/72/1319 371/89/1320
f 277/37/1321 372/63/1322 370/72/1323
f 277/37/1324 370/72/1325 369/73/1326
f 307/62/1327 371/89/1328 370/72/1329
f 307/62/1330 370/72/1331 372/63/1332
f 263/444/1333 373/466/1334 374/461/1335
f 263/444/1336 374/461/1337 264/455/1338
f 350/468/1339 375/469/1340 374/461/1341
f 350/468/1342 374/461/1343 373/466/1344
f 265/456/1345 264/455/1346 374/461/1347
f 265/456/1348 374/461/1349 375/469/1350
f 376/439/1351 377/454/1352 378/451/1353
f 376/439/1354 378/451/1355 379/448/1356
f 103/459/1357 380/460/1358 378/451/1359
f 103/459/1360 378/451/1361 377/454/1362
f 263/444/1363 379/448/1364 378/451/1365
f 263/444/1366 378/451/1367 380/460/1368
f 144/821/1369 381/844/1370 382/848/1371
f 144/821/1372 382/848/1373 383/853/1374
f 193/843/1375 205/857/1376 382/848/1377
f 193/843/1378 382/848/1379 381/844/1380
f 208/858/1381 383/853/1382 382/848/1383
f 208/858/1384 382/848/1385 205/857/1386
f 208/858/1387 384/865/1388 385/859/1389
f 208/858/1390 385/859/1391 383/853/1392
f 386/860/1393 387/854/1394 385/859/1395
f 386/860/1396 385/859/1397 384/865/1398
f 144/821/1399 383/853/1400 385/859/1401
f 144/821/1402 385/859/1403 387/854/1404
f 388/514/1405 389/543/1406 390/539/1407
f 388/514/1408 390/539/1409 391/534/1410
f 206/546/1411 392/547/1412 390/539/1413
f 206/546/1414 390/539/1415 389/543/1416
f 191/535/1417 391/534/1418 390/539/1419
f 191/535/1420 390/539/1421 392/547/1422
f 319/725/1423 393/724/1424 394/728/1425
f 319/725/1426 394/728/1427 395/736/1428
f 396/716/1429 397/732/1430 394/728/1431
f 396/716/1432 394/728/1433 393/724/1434
f 173/735/1435 395/736/1436 394/728/1437
f 173/735/1438 394/728/1439 397/732/1440
f 80/630/1441 83/635/1442 398/639/1443
f 80/630/1444 398/639/1445 399/643/1446
f 86/638/1447 400/646/1448 398/639/1449
f 86/638/1450 398/639/1451 83/635/1452
f 401/647/1453 399/643/1454 398/639/1455
f 401/647/1456 398/639/1457 400/646/1458
f 240/50/1459 402/110/1460 403/96/1461
f 240/50/1462 403/96/1463 306/86/1464
f 186/120/1465 184/121/1466 403/96/1467
f 186/120/1468 403/96/1469 402/110/1470
f 34/97/1471 306/86/1472 403/96/1473
f 34/97/1474 403/96/1475 184/121/1476
f 51/500/1477 404/525/1478 405/508/1479
f 51/500/1480 405/508/1481 52/501/1482
f 63/526/1483 406/519/1484 405/508/1485
f 63/526/1486 405/508/1487 404/525/1488
f 53/487/1489 52/501/1490 405/508/1491
f 53/487/1492 405/508/1493 406/519/1494
f 80/630/1495 407/652/1496 408/659/1497
f 80/630/1498 408/659/1499 409/653/1500
f 105/658/1501 104/665/1502 408/659/1503
f 105/658/1504 408/659/1505 407/652/1506
f 103/660/1507 409/653/1508 408/659/1509
f 103/660/1510 408/659/1511 104/665/1512
f 376/439/1513 410/457/1514 411/463/1515
f 376/439/1516 411/463/1517 412/464/1518
f 110/641/1519 413/636/1520 411/640/1521
f 110/641/1522 411/640/1523 410/650/1524
f 80/630/1525 412/644/1526 411/640/1527
f 80/630/1528 411/640/1529 413/636/1530
f 110/641/1531 410/650/1532 414/654/1533
f 110/641/1534 414/654/1535 111/661/1536
f 376/439/1537 415/450/1538 414/453/1539
f 376/439/1540 414/453/1541 410/457/1542
f 112/447/1543 111/462/1544 414/453/1545
f 112/447/1546 414/453/1547 415/450/1548
f 126/92/1549 416/83/1550 417/91/1551
f 126/92/1552 417/91/1553 160/115/1554
f 272/39/1555 418/90/1556 417/91/1557
f 272/39/1558 417/91/1559 416/83/1560
f 157/104/1561 160/115/1562 417/91/1563
f 157/104/1564 417/91/1565 418/90/1566
f 246/766/1567 419/762/1568 420/765/1569
f 246/766/1570 420/765/1571 421/776/1572
f 300/749/1573 422/771/1574 420/765/1575
f 300/749/1576 420/765/1577 419/762/1578
f 281/775/1579 421/776/1580 420/765/1581
f 281/775/1582 420/765/1583 422/771/1584
f 161/142/1585 423/153/1586 424/143/1587
f 161/142/1588 424/143/1589 162/136/1590
f 59/154/1591 425/148/1592 424/143/1593
f 59/154/1594 424/143/1595 423/153/1596
f 126/92/1597 162/136/1598 424/143/1599
f 126/92/1600 424/143/1601 425/148/1602
f 312/71/1603 426/70/1604 427/79/1605
f 312/71/1606 427/79/1607 428/100/1608
f 151/45/1609 353/87/1610 427/79/1611
f 151/45/1612 427/79/1613 426/70/1614
f 355/99/1615 428/100/1616 427/79/1617
f 355/99/1618 427/79/1619 353/87/1620
f 206/546/1621 203/552/1622 429/548/1623
f 206/546/1624 429/548/1625 392/547/1626
f 193/553/1627 192/550/1628 429/548/1629
f 193/843/1630 429/867/1631 203/864/1632
f 191/535/1633 392/547/1634 429/548/1635
f 191/535/1636 429/548/1637 192/550/1638
f 270/409/1639 430/410/1640 431/402/1641
f 270/409/1642 431/402/1643 271/405/1644
f 77/403/1645 74/400/1646 431/402/1647
f 77/403/1648 431/402/1649 430/410/1650
f 73/399/1651 271/405/1652 431/402/1653
f 73/399/1654 431/402/1655 74/400/1656
f 386/860/1657 432/861/1658 433/849/1659
f 386/860/1660 433/849/1661 387/854/1662
f 355/846/1663 354/845/1664 433/849/1665
f 355/846/1666 433/849/1667 432/861/1668
f 144/821/1669 387/854/1670 433/849/1671
f 144/821/1672 433/849/1673 354/845/1674
f 177/730/1675 434/729/1676 435/734/1677
f 177/730/1678 435/734/1679 436/743/1680
f 437/720/1681 438/738/1682 435/734/1683
f 437/720/1684 435/734/1685 434/729/1686
f 5/354/1687 436/360/1688 435/371/1689
f 5/742/1690 435/734/1691 438/738/1692
f 439/426/1693 440/434/1694 441/437/1695
f 439/426/1696 441/437/1697 442/442/1698
f 443/433/1699 444/446/1700 441/437/1701
f 443/433/1702 441/437/1703 440/434/1704
f 112/447/1705 442/442/1706 441/437/1707
f 112/447/1708 441/437/1709 444/446/1710
f 40/263/1711 445/264/1712 446/246/1713
f 40/263/1714 446/246/1715 447/254/1716
f 15/247/1717 448/240/1718 446/246/1719
f 15/247/1720 446/246/1721 445/264/1722
f 66/225/1723 447/254/1724 446/246/1725
f 66/225/1726 446/246/1727 448/240/1728
f 439/426/1729 449/438/1730 450/430/1731
f 439/426/1732 450/430/1733 451/427/1734
f 376/439/1735 452/435/1736 450/430/1737
f 376/439/1738 450/430/1739 449/438/1740
f 98/421/1741 451/427/1742 450/430/1743
f 98/421/1744 450/430/1745 452/435/1746
f 7/482/1747 6/524/1748 453/516/1749
f 7/482/1750 453/516/1751 454/507/1752
f 5/530/1753 438/531/1754 453/516/1755
f 5/530/1756 453/516/1757 6/524/1758
f 437/517/1759 454/507/1760 453/516/1761
f 437/517/1762 453/516/1763 438/531/1764
f 63/526/1765 404/525/1766 455/532/1767
f 63/526/1768 455/532/1769 64/541/1770
f 51/500/1771 220/536/1772 455/532/1773
f 51/500/1774 455/532/1775 404/525/1776
f 65/703/1777 64/705/1778 455/706/1779
f 65/703/1780 455/706/1781 220/707/1782
f 272/39/1783 456/74/1784 457/82/1785
f 272/39/1786 457/82/1787 418/90/1788
f 368/81/1789 458/103/1790 457/82/1791
f 368/81/1792 457/82/1793 456/74/1794
f 157/104/1795 418/90/1796 457/82/1797
f 157/104/1798 457/82/1799 458/103/1800
f 15/247/1801 18/248/1802 459/235/1803
f 15/247/1804 459/235/1805 448/240/1806
f 21/236/1807 460/231/1808 459/235/1809
f 21/236/1810 459/235/1811 18/248/1812
f 66/225/1813 448/240/1814 459/235/1815
f 66/225/1816 459/235/1817 460/231/1818
f 40/570/1819 39/569/1820 461/574/1821
f 40/570/1822 461/574/1823 462/584/1824
f 38/566/1825 463/577/1826 461/574/1827
f 38/566/1828 461/574/1829 39/569/1830
f 87/298/1831 462/297/1832 461/323/1833
f 87/583/1834 461/574/1835 463/577/1836
f 156/795/1837 464/814/1838 465/800/1839
f 156/795/1840 465/800/1841 466/796/1842
f 54/815/1843 327/808/1844 465/800/1845
f 54/815/1846 465/800/1847 464/814/1848
f 136/788/1849 466/796/1850 465/800/1851
f 136/788/1852 465/800/1853 327/808/1854
f 132/784/1855 467/799/1856 468/794/1857
f 132/784/1858 468/794/1859 469/790/1860
f 151/806/1861 154/807/1862 468/794/1863
f 151/806/1864 468/794/1865 467/799/1866
f 156/795/1867 469/790/1868 468/794/1869
f 156/795/1870 468/794/1871 154/807/1872
f 197/271/1873 470/307/1874 471/282/1875
f 197/271/1876 471/282/1877 234/272/1878
f 47/308/1879 46/293/1880 471/282/1881
f 47/308/1882 471/282/1883 470/307/1884
f 45/244/1885 234/272/1886 471/282/1887
f 45/244/1888 471/282/1889 46/293/1890
f 439/426/1891 472/423/1892 473/425/1893
f 439/426/1894 473/425/1895 440/434/1896
f 73/399/1897 474/429/1898 473/425/1899
f 73/399/1900 473/425/1901 472/423/1902
f 443/433/1903 440/434/1904 473/425/1905
f 443/433/1906 473/425/1907 474/429/1908
f 186/572/1909 475/586/1910 476/576/1911
f 186/572/1912 476/576/1913 187/573/1914
f 281/587/1915 278/581/1916 476/576/1917
f 281/587/1918 476/576/1919 475/586/1920
f 38/566/1921 187/573/1922 476/576/1923
f 38/566/1924 476/576/1925 278/581/1926
f 15/247/1927 445/264/1928 477/274/1929
f 15/247/1930 477/274/1931 478/284/1932
f 40/263/1933 462/297/1934 477/274/1935
f 40/263/1936 477/274/1937 445/264/1938
f 87/298/1939 478/284/1940 477/274/1941
f 87/298/1942 477/274/1943 462/297/1944
f 247/506/1945 479/494/1946 480/498/1947
f 247/506/1948 480/498/1949 481/515/1950
f 345/481/1951 482/505/1952 480/498/1953
f 345/481/1954 480/498/1955 479/494/1956
f 388/514/1957 481/515/1958 480/498/1959
f 388/514/1960 480/498/1961 482/505/1962
f 53/487/1963 483/483/1964 484/479/1965
f 53/487/1966 484/479/1967 50/486/1968
f 31/473/1969 28/477/1970 484/479/1971
f 31/473/1972 484/479/1973 483/483/1974
f 7/482/1975 50/486/1976 484/479/1977
f 7/482/1978 484/479/1979 28/477/1980
f 53/487/1981 485/496/1982 486/488/1983
f 53/487/1984 486/488/1985 483/483/1986
f 487/489/1987 488/484/1988 486/488/1989
f 487/489/1990 486/488/1991 485/496/1992
f 31/473/1993 483/483/1994 486/488/1995
f 31/473/1996 486/488/1997 488/484/1998
f 98/421/1999 452/435/2000 489/440/2001
f 98/421/2002 489/440/2003 490/441/2004
f 376/439/2005 379/448/2006 489/440/2007
f 376/439/2008 489/440/2009 452/435/2010
f 263/444/2011 490/441/2012 489/440/2013
f 263/444/2014 489/440/2015 379/448/2016
f 396/716/2017 491/713/2018 492/715/2019
f 396/716/2020 492/715/2021 493/721/2022
f 51/709/2023 494/718/2024 492/715/2025
f 51/709/2026 492/715/2027 491/713/2028
f 437/720/2029 493/721/2030 492/715/2031
f 437/720/2032 492/715/2033 494/718/2034
f 119/317/2035 495/318/2036 496/290/2037
f 119/317/2038 496/290/2039 497/304/2040
f 125/279/2041 338/278/2042 496/290/2043
f 125/279/2044 496/290/2045 495/318/2046
f 294/251/2047 497/304/2048 496/290/2049
f 294/251/2050 496/290/2051 338/278/2052
f 63/168/2053 498/171/2054 499/172/2055
f 63/168/2056 499/172/2057 500/173/2058
f 501/169/2059 502/174/2060 499/172/2061
f 501/169/2062 499/172/2063 498/171/2064
f 503/175/2065 500/173/2066 499/172/2067
f 503/175/2068 499/172/2069 502/174/2070
f 487/489/2071 504/510/2072 505/521/2073
f 487/489/2074 505/521/2075 506/522/2076
f 507/179/2077 508/185/2078 505/184/2079
f 507/179/2080 505/184/2081 504/183/2082
f 509/186/2083 506/187/2084 505/184/2085
f 509/186/2086 505/184/2087 508/185/2088
f 507/179/2089 510/177/2090 511/176/2091
f 507/179/2092 511/176/2093 512/178/2094
f 63/168/2095 500/173/2096 511/176/2097
f 63/168/2098 511/176/2099 510/177/2100
f 503/175/2101 512/178/2102 511/176/2103
f 503/175/2104 511/176/2105 500/173/2106
f 513/152/2107 514/155/2108 515/147/2109
f 513/677/2110 515/678/2111 516/679/2112
f 161/142/2113 158/141/2114 515/147/2115
f 161/142/2116 515/147/2117 514/155/2118
f 157/104/2119 516/146/2120 515/147/2121
f 157/104/2122 515/147/2123 158/141/2124
f 157/104/2125 517/135/2126 518/140/2127
f 157/104/2128 518/140/2129 516/146/2130
f 519/680/2131 520/681/2132 518/682/2133
f 519/134/2134 518/140/2135 517/135/2136
f 513/152/2137 516/146/2138 518/140/2139
f 513/683/2140 518/682/2141 520/681/2142
f 521/113/2143 522/124/2144 523/102/2145
f 521/113/2146 523/102/2147 524/101/2148
f 368/81/2149 371/89/2150 523/102/2151
f 368/81/2152 523/102/2153 522/124/2154
f 307/62/2155 524/101/2156 523/102/2157
f 307/62/2158 523/102/2159 371/89/2160
f 386/216/2161 525/213/2162 526/214/2163
f 386/860/2164 526/871/2165 527/869/2166
f 528/208/2167 529/215/2168 526/214/2169
f 528/208/2170 526/214/2171 525/213/2172
f 530/217/2173 527/218/2174 526/214/2175
f 530/217/2176 526/214/2177 529/215/2178
f 521/113/2179 531/112/2180 532/123/2181
f 521/684/2182 532/685/2183 533/686/2184
f 312/71/2185 534/122/2186 532/123/2187
f 312/71/2188 532/123/2189 531/112/2190
f 535/687/2191 533/686/2192 532/685/2193
f 535/687/2194 532/685/2195 534/688/2196
f 59/154/2197 536/163/2198 537/164/2199
f 59/154/2200 537/164/2201 538/166/2202
f 539/885/2203 540/886/2204 537/887/2205
f 539/162/2206 537/164/2207 536/163/2208
f 501/169/2209 538/166/2210 537/164/2211
f 501/169/2212 537/164/2213 540/170/2214
f 535/139/2215 541/132/2216 542/138/2217
f 535/690/2218 542/691/2219 543/692/2220
f 355/99/2221 544/145/2222 542/138/2223
f 355/99/2224 542/138/2225 541/132/2226
f 545/693/2227 543/692/2228 542/691/2229
f 545/693/2230 542/691/2231 544/694/2232
f 487/489/2233 546/503/2234 547/493/2235
f 487/489/2236 547/493/2237 548/490/2238
f 549/190/2239 550/193/2240 547/192/2241
f 549/190/2242 547/192/2243 546/191/2244
f 345/481/2245 548/490/2246 547/493/2247
f 345/481/2248 547/493/2249 550/497/2250
f 388/514/2251 551/538/2252 552/542/2253
f 388/514/2254 552/542/2255 389/543/2256
f 553/202/2257 554/205/2258 552/204/2259
f 553/202/2260 552/204/2261 551/203/2262
f 206/546/2263 389/543/2264 552/542/2265
f 206/546/2266 552/542/2267 554/549/2268
f 530/217/2269 555/220/2270 556/219/2271
f 530/217/2272 556/219/2273 527/218/2274
f 355/99/2275 432/223/2276 556/219/2277
f 355/99/2278 556/219/2279 555/220/2280
f 386/860/2281 527/869/2282 556/866/2283
f 386/860/2284 556/866/2285 432/861/2286
f 345/481/2287 557/512/2288 558/513/2289
f 345/481/2290 558/513/2291 482/505/2292
f 559/196/2293 560/199/2294 558/198/2295
f 559/196/2296 558/198/2297 557/197/2298
f 388/514/2299 482/505/2300 558/513/2301
f 388/514/2302 558/513/2303 560/527/2304
f 206/546/2305 561/554/2306 562/556/2307
f 206/546/2308 562/556/2309 207/557/2310
f 528/208/2311 563/211/2312 562/210/2313
f 528/208/2314 562/210/2315 561/209/2316
f 208/558/2317 207/557/2318 562/556/2319
f 208/558/2320 562/556/2321 563/560/2322
f 191/535/2323 564/528/2324 565/523/2325
f 191/535/2326 565/523/2327 391/534/2328
f 247/506/2329 481/515/2330 565/523/2331
f 247/506/2332 565/523/2333 564/528/2334
f 388/514/2335 391/534/2336 565/523/2337
f 388/514/2338 565/523/2339 481/515/2340
f 15/247/2341 478/284/2342 566/285/2343
f 15/247/2344 566/285/2345 16/275/2346
f 87/298/2347 90/311/2348 566/285/2349
f 87/298/2350 566/285/2351 478/284/2352
f 19/286/2353 16/275/2354 566/285/2355
f 19/286/2356 566/285/2357 90/311/2358
f 22/1/2359 228/7/2360 567/4/2361
f 22/1/2362 567/4/2363 23/2/2364
f 199/12/2365 202/13/2366 567/4/2367
f 199/12/2368 567/4/2369 228/7/2370
f 8/5/2371 23/2/2372 567/4/2373
f 8/5/2374 567/4/2375 202/13/2376
f 41/609/2377 568/608/2378 569/611/2379
f 41/609/2380 569/611/2381 42/613/2382
f 172/295/2383 171/283/2384 569/294/2385
f 172/295/2386 569/294/2387 568/322/2388
f 45/244/2389 42/310/2390 569/294/2391
f 45/244/2392 569/294/2393 171/283/2394
f 7/482/2395 454/507/2396 570/499/2397
f 7/482/2398 570/499/2399 48/495/2400
f 437/517/2401 494/518/2402 570/499/2403
f 437/517/2404 570/499/2405 454/507/2406
f 51/500/2407 48/495/2408 570/499/2409
f 51/500/2410 570/499/2411 494/518/2412
f 54/617/2413 571/623/2414 572/618/2415
f 54/617/2416 572/618/2417 55/614/2418
f 14/624/2419 13/621/2420 572/618/2421
f 14/624/2422 572/618/2423 571/623/2424
f 12/604/2425 55/614/2426 572/618/2427
f 12/604/2428 572/618/2429 13/621/2430
f 66/225/2431 460/231/2432 573/228/2433
f 66/225/2434 573/228/2435 67/226/2436
f 21/236/2437 574/237/2438 573/228/2439
f 21/236/2440 573/228/2441 460/231/2442
f 70/229/2443 67/226/2444 573/228/2445
f 70/229/2446 573/228/2447 574/237/2448
f 80/630/2449 413/636/2450 575/633/2451
f 80/630/2452 575/633/2453 81/631/2454
f 110/641/2455 163/642/2456 575/633/2457
f 110/641/2458 575/633/2459 413/636/2460
f 84/634/2461 81/631/2462 575/633/2463
f 84/634/2464 575/633/2465 163/642/2466
f 87/583/2467 463/577/2468 576/582/2469
f 87/583/2470 576/582/2471 88/594/2472
f 38/566/2473 280/589/2474 576/582/2475
f 38/566/2476 576/582/2477 463/577/2478
f 91/593/2479 88/594/2480 576/582/2481
f 91/593/2482 576/582/2483 280/589/2484
f 93/417/2485 577/418/2486 578/412/2487
f 93/417/2488 578/412/2489 94/415/2490
f 266/413/2491 269/411/2492 578/412/2493
f 266/413/2494 578/412/2495 577/418/2496
f 73/399/2497 94/415/2498 578/412/2499
f 73/399/2500 578/412/2501 269/411/2502
f 106/666/2503 579/667/2504 580/662/2505
f 106/666/2506 580/662/2507 107/664/2508
f 167/656/2509 166/655/2510 580/662/2511
f 167/656/2512 580/662/2513 579/667/2514
f 110/641/2515 107/664/2516 580/662/2517
f 110/641/2518 580/662/2519 166/655/2520
f 113/356/2521 581/376/2522 582/363/2523
f 113/356/2524 582/363/2525 114/357/2526
f 145/368/2527 148/364/2528 582/363/2529
f 145/368/2530 582/363/2531 581/376/2532
f 117/332/2533 114/357/2534 582/363/2535
f 117/332/2536 582/363/2537 148/364/2538
f 120/291/2539 198/292/2540 583/270/2541
f 120/291/2542 583/270/2543 121/281/2544
f 197/271/2545 235/261/2546 583/270/2547
f 197/271/2548 583/270/2549 198/292/2550
f 72/233/2551 121/281/2552 583/270/2553
f 72/233/2554 583/270/2555 235/261/2556
f 126/92/2557 425/148/2558 584/149/2559
f 126/92/2560 584/149/2561 127/144/2562
f 59/154/2563 62/157/2564 584/149/2565
f 59/154/2566 584/149/2567 425/148/2568
f 65/150/2569 127/144/2570 584/149/2571
f 65/150/2572 584/149/2573 62/157/2574
f 132/784/2575 469/790/2576 585/787/2577
f 132/784/2578 585/787/2579 133/785/2580
f 156/795/2581 466/796/2582 585/787/2583
f 156/795/2584 585/787/2585 469/790/2586
f 136/788/2587 133/785/2588 585/787/2589
f 136/788/2590 585/787/2591 466/796/2592
f 132/784/2593 135/789/2594 586/793/2595
f 132/784/2596 586/793/2597 139/798/2598
f 138/792/2599 587/802/2600 586/793/2601
f 138/792/2602 586/793/2603 135/789/2604
f 142/803/2605 139/798/2606 586/793/2607
f 142/803/2608 586/793/2609 587/802/2610
f 145/368/2611 588/385/2612 589/377/2613
f 145/368/2614 589/377/2615 146/369/2616
f 191/847/2617 590/851/2618 589/856/2619
f 191/390/2620 589/377/2621 588/385/2622
f 149/345/2623 146/369/2624 589/377/2625
f 149/345/2626 589/377/2627 590/378/2628
f 151/45/2629 591/46/2630 592/28/2631
f 151/45/2632 592/28/2633 152/35/2634
f 287/20/2635 290/19/2636 592/28/2637
f 287/20/2638 592/28/2639 591/46/2640
f 27/9/2641 152/35/2642 592/28/2643
f 27/9/2644 592/28/2645 290/19/2646
f 40/263/2647 447/254/2648 593/245/2649
f 40/263/2650 593/245/2651 168/262/2652
f 66/225/2653 594/239/2654 593/245/2655
f 66/225/2656 593/245/2657 447/254/2658
f 45/244/2659 168/262/2660 593/245/2661
f 45/244/2662 593/245/2663 594/239/2664
f 173/735/2665 397/732/2666 595/731/2667
f 173/735/2668 595/731/2669 174/739/2670
f 396/716/2671 596/727/2672 595/731/2673
f 396/716/2674 595/731/2675 397/732/2676
f 177/730/2677 174/739/2678 595/731/2679
f 177/730/2680 595/731/2681 596/727/2682
f 180/302/2683 223/340/2684 597/348/2685
f 180/302/2686 597/348/2687 181/349/2688
f 177/347/2689 436/360/2690 597/348/2691
f 177/347/2692 597/348/2693 223/340/2694
f 5/354/2695 181/349/2696 597/348/2697
f 5/354/2698 597/348/2699 436/360/2700
f 142/803/2701 598/828/2702 599/836/2703
f 142/803/2704 599/836/2705 188/841/2706
f 149/345/2707 590/378/2708 599/370/2709
f 149/345/2710 599/370/2711 598/365/2712
f 191/847/2713 188/841/2714 599/836/2715
f 191/847/2716 599/836/2717 590/851/2718
f 138/792/2719 137/791/2720 600/797/2721
f 138/792/2722 600/797/2723 194/810/2724
f 136/788/2725 601/801/2726 600/797/2727
f 136/788/2728 600/797/2729 137/791/2730
f 197/271/2731 194/320/2732 600/328/2733
f 197/271/2734 600/328/2735 601/329/2736
f 199/12/2737 602/52/2738 603/42/2739
f 199/12/2740 603/42/2741 200/32/2742
f 217/58/2743 323/59/2744 603/42/2745
f 217/58/2746 603/42/2747 602/52/2748
f 12/33/2749 200/32/2750 603/42/2751
f 12/33/2752 603/42/2753 323/59/2754
f 34/562/2755 37/567/2756 604/571/2757
f 34/562/2758 604/571/2759 213/575/2760
f 40/570/2761 170/578/2762 604/571/2763
f 40/570/2764 604/571/2765 37/567/2766
f 172/579/2767 213/575/2768 604/571/2769
f 172/579/2770 604/571/2771 170/578/2772
f 51/709/2773 491/713/2774 605/711/2775
f 51/709/2776 605/711/2777 218/710/2778
f 396/716/2779 606/717/2780 605/711/2781
f 396/716/2782 605/711/2783 491/713/2784
f 131/712/2785 218/710/2786 605/711/2787
f 131/712/2788 605/711/2789 606/717/2790
f 180/302/2791 293/301/2792 607/316/2793
f 180/302/2794 607/316/2795 221/330/2796
f 296/267/2797 363/315/2798 607/316/2799
f 296/267/2800 607/316/2801 293/301/2802
f 179/314/2803 221/330/2804 607/316/2805
f 179/314/2806 607/316/2807 363/315/2808
f 224/23/2809 608/49/2810 609/31/2811
f 224/23/2812 609/31/2813 225/24/2814
f 240/50/2815 610/41/2816 609/31/2817
f 240/50/2818 609/31/2819 608/49/2820
f 199/12/2821 225/24/2822 609/31/2823
f 199/12/2824 609/31/2825 610/41/2826
f 27/9/2827 26/8/2828 611/14/2829
f 27/9/2830 611/14/2831 229/27/2832
f 8/5/2833 11/18/2834 611/14/2835
f 8/5/2836 611/14/2837 26/8/2838
f 14/839/2839 229/850/2840 611/855/2841
f 14/839/2842 611/855/2843 11/862/2844
f 45/244/2845 594/239/2846 612/234/2847
f 45/244/2848 612/234/2849 232/243/2850
f 66/225/2851 69/230/2852 612/234/2853
f 66/225/2854 612/234/2855 594/239/2856
f 72/233/2857 232/243/2858 612/234/2859
f 72/233/2860 612/234/2861 69/230/2862
f 179/751/2863 364/767/2864 613/763/2865
f 179/751/2866 613/763/2867 236/760/2868
f 283/257/2869 299/312/2870 613/313/2871
f 283/257/2872 613/313/2873 364/300/2874
f 238/757/2875 236/760/2876 613/763/2877
f 238/757/2878 613/763/2879 299/773/2880
f 240/50/2881 608/49/2882 614/57/2883
f 240/50/2884 614/57/2885 241/77/2886
f 224/23/2887 333/68/2888 614/57/2889
f 224/23/2890 614/57/2891 608/49/2892
f 244/76/2893 241/77/2894 614/57/2895
f 244/76/2896 614/57/2897 333/68/2898
f 247/387/2899 615/388/2900 616/381/2901
f 247/387/2902 616/381/2903 248/384/2904
f 145/368/2905 581/376/2906 616/381/2907
f 145/368/2908 616/381/2909 615/388/2910
f 113/356/2911 248/384/2912 616/381/2913
f 113/356/2914 616/381/2915 581/376/2916
f 117/332/2917 150/352/2918 617/338/2919
f 117/332/2920 617/338/2921 252/333/2922
f 149/345/2923 257/339/2924 617/338/2925
f 149/345/2926 617/338/2927 150/352/2928
f 120/291/2929 252/333/2930 617/338/2931
f 120/291/2932 617/338/2933 257/339/2934
f 149/345/2935 598/365/2936 618/359/2937
f 149/345/2938 618/359/2939 255/353/2940
f 142/803/2941 587/802/2942 618/811/2943
f 142/803/2944 618/811/2945 598/828/2946
f 138/792/2947 255/819/2948 618/811/2949
f 138/792/2950 618/811/2951 587/802/2952
f 33/379/2953 251/380/2954 619/367/2955
f 33/379/2956 619/367/2957 258/375/2958
f 113/356/2959 620/362/2960 619/367/2961
f 113/356/2962 619/367/2963 251/380/2964
f 1/342/2965 258/375/2966 619/367/2967
f 1/342/2968 619/367/2969 620/362/2970
f 212/432/2971 211/431/2972 621/436/2973
f 212/432/2974 621/436/2975 260/445/2976
f 98/421/2977 490/441/2978 621/436/2979
f 98/421/2980 621/436/2981 211/431/2982
f 263/444/2983 260/445/2984 621/436/2985
f 263/444/2986 621/436/2987 490/441/2988
f 272/39/2989 622/40/2990 623/22/2991
f 272/39/2992 623/22/2993 273/30/2994
f 224/23/2995 227/16/2996 623/22/2997
f 224/23/2998 623/22/2999 622/40/3000
f 22/1/3001 273/30/3002 623/22/3003
f 22/1/3004 623/22/3005 227/16/3006
f 283/257/3007 624/249/3008 625/241/3009
f 283/257/3010 625/241/3011 284/256/3012
f 70/229/3013 574/237/3014 625/241/3015
f 70/229/3016 625/241/3017 624/249/3018
f 21/236/3019 284/256/3020 625/241/3021
f 21/236/3022 625/241/3023 574/237/3024
f 287/20/3025 626/36/3026 627/21/3027
f 287/20/3028 627/21/3029 288/15/3030
f 277/37/3031 276/29/3032 627/21/3033
f 277/37/3034 627/21/3035 626/36/3036
f 22/1/3037 288/15/3038 627/21/3039
f 22/1/3040 627/21/3041 276/29/3042
f 180/302/3043 315/324/3044 628/303/3045
f 180/302/3046 628/303/3047 291/289/3048
f 119/317/3049 497/304/3050 628/303/3051
f 119/317/3052 628/303/3053 315/324/3054
f 294/251/3055 291/289/3056 628/303/3057
f 294/251/3058 628/303/3059 497/304/3060
f 19/780/3061 92/781/3062 629/774/3063
f 19/780/3064 629/774/3065 297/778/3066
f 91/769/3067 367/768/3068 629/774/3069
f 91/769/3070 629/774/3071 92/781/3072
f 238/757/3073 297/778/3074 629/774/3075
f 238/757/3076 629/774/3077 367/768/3078
f 300/749/3079 320/745/3080 630/740/3081
f 300/749/3082 630/740/3083 301/748/3084
f 319/725/3085 395/736/3086 630/740/3087
f 319/725/3088 630/740/3089 320/745/3090
f 173/735/3091 301/748/3092 630/740/3093
f 173/735/3094 630/740/3095 395/736/3096
f 217/58/3097 602/52/3098 631/51/3099
f 217/58/3100 631/51/3101 304/69/3102
f 199/12/3103 610/41/3104 631/51/3105
f 199/12/3106 631/51/3107 602/52/3108
f 240/50/3109 304/69/3110 631/51/3111
f 240/50/3112 631/51/3113 610/41/3114
f 307/62/3115 372/63/3116 632/47/3117
f 307/62/3118 632/47/3119 308/54/3120
f 277/37/3121 626/36/3122 632/47/3123
f 277/37/3124 632/47/3125 372/63/3126
f 287/20/3127 308/54/3128 632/47/3129
f 287/20/3130 632/47/3131 626/36/3132
f 1/342/3133 620/362/3134 633/350/3135
f 1/342/3136 633/350/3137 313/343/3138
f 113/356/3139 116/351/3140 633/350/3141
f 113/356/3142 633/350/3143 620/362/3144
f 119/317/3145 313/343/3146 633/350/3147
f 119/317/3148 633/350/3149 116/351/3150
f 244/76/3151 335/84/3152 634/94/3153
f 244/76/3154 634/94/3155 316/118/3156
f 334/66/3157 341/106/3158 634/94/3159
f 334/66/3160 634/94/3161 335/84/3162
f 319/725/3163 316/741/3164 634/737/3165
f 319/725/3166 634/737/3167 341/733/3168
f 172/579/3169 568/608/3170 635/603/3171
f 172/579/3172 635/603/3173 321/599/3174
f 41/609/3175 58/610/3176 635/603/3177
f 41/609/3178 635/603/3179 568/608/3180
f 12/604/3181 321/599/3182 635/603/3183
f 12/604/3184 635/603/3185 58/610/3186
f 47/825/3187 470/835/3188 636/809/3189
f 47/825/3190 636/809/3191 324/817/3192
f 197/271/3193 601/329/3194 636/321/3195
f 197/271/3196 636/321/3197 470/307/3198
f 136/788/3199 324/817/3200 636/809/3201
f 136/788/3202 636/809/3203 601/801/3204
f 224/23/3205 622/40/3206 637/48/3207
f 224/23/3208 637/48/3209 331/56/3210
f 272/39/3211 638/65/3212 637/48/3213
f 272/39/3214 637/48/3215 622/40/3216
f 334/66/3217 331/56/3218 637/48/3219
f 334/66/3220 637/48/3221 638/65/3222
f 72/233/3223 71/232/3224 639/238/3225
f 72/233/3226 639/238/3227 336/252/3228
f 70/229/3229 328/242/3230 639/238/3231
f 70/229/3232 639/238/3233 71/232/3234
f 294/251/3235 336/252/3236 639/238/3237
f 294/251/3238 639/238/3239 328/242/3240
f 334/66/3241 640/93/3242 641/105/3243
f 334/66/3244 641/105/3245 339/116/3246
f 126/92/3247 129/127/3248 641/105/3249
f 126/92/3250 641/105/3251 640/93/3252
f 131/128/3253 339/116/3254 641/105/3255
f 131/128/3256 641/105/3257 129/127/3258
f 31/473/3259 488/484/3260 642/480/3261
f 31/473/3262 642/480/3263 343/478/3264
f 487/489/3265 548/490/3266 642/480/3267
f 487/489/3268 642/480/3269 488/484/3270
f 345/481/3271 343/478/3272 642/480/3273
f 345/481/3274 642/480/3275 548/490/3276
f 151/806/3277 467/799/3278 643/805/3279
f 151/806/3280 643/805/3281 351/822/3282
f 132/784/3283 141/812/3284 643/805/3285
f 132/784/3286 643/805/3287 467/799/3288
f 144/821/3289 351/822/3290 643/805/3291
f 144/821/3292 643/805/3293 141/812/3294
f 296/267/3295 330/259/3296 644/258/3297
f 296/267/3298 644/258/3299 361/276/3300
f 70/229/3301 624/249/3302 644/258/3303
f 70/229/3304 644/258/3305 330/259/3306
f 283/257/3307 361/276/3308 644/258/3309
f 283/257/3310 644/258/3311 624/249/3312
f 91/769/3313 282/779/3314 645/770/3315
f 91/769/3316 645/770/3317 365/764/3318
f 281/775/3319 422/771/3320 645/770/3321
f 281/775/3322 645/770/3323 282/779/3324
f 300/749/3325 365/764/3326 645/770/3327
f 300/749/3328 645/770/3329 422/771/3330
f 368/81/3331 456/74/3332 646/64/3333
f 368/81/3334 646/64/3335 369/73/3336
f 272/39/3337 275/55/3338 646/64/3339
f 272/39/3340 646/64/3341 456/74/3342
f 277/37/3343 369/73/3344 646/64/3345
f 277/37/3346 646/64/3347 275/55/3348
f 263/444/3349 380/460/3350 647/465/3351
f 263/444/3352 647/465/3353 373/466/3354
f 103/459/3355 348/470/3356 647/465/3357
f 103/459/3358 647/465/3359 380/460/3360
f 350/468/3361 373/466/3362 647/465/3363
f 350/468/3364 647/465/3365 348/470/3366
f 376/439/3367 412/464/3368 648/458/3369
f 376/439/3370 648/458/3371 377/454/3372
f 80/630/3373 409/653/3374 648/649/3375
f 80/630/3376 648/649/3377 412/644/3378
f 103/459/3379 377/454/3380 648/458/3381
f 103/660/3382 648/649/3383 409/653/3384
f 144/821/3385 143/820/3386 649/829/3387
f 144/821/3388 649/829/3389 381/844/3390
f 142/803/3391 190/837/3392 649/829/3393
f 142/803/3394 649/829/3395 143/820/3396
f 193/843/3397 381/844/3398 649/829/3399
f 193/843/3400 649/829/3401 190/837/3402
f 319/725/3403 342/722/3404 650/719/3405
f 319/725/3406 650/719/3407 393/724/3408
f 131/712/3409 606/717/3410 650/719/3411
f 131/712/3412 650/719/3413 342/722/3414
f 396/716/3415 393/724/3416 650/719/3417
f 396/716/3418 650/719/3419 606/717/3420
f 240/50/3421 243/95/3422 651/109/3423
f 240/50/3424 651/109/3425 402/110/3426
f 246/108/3427 652/131/3428 651/109/3429
f 246/108/3430 651/109/3431 243/95/3432
f 186/120/3433 402/110/3434 651/109/3435
f 186/120/3436 651/109/3437 652/131/3438
f 80/630/3439 399/643/3440 653/648/3441
f 80/630/3442 653/648/3443 407/652/3444
f 401/647/3445 654/657/3446 653/648/3447
f 401/647/3448 653/648/3449 399/643/3450
f 105/658/3451 407/652/3452 653/648/3453
f 105/658/3454 653/648/3455 654/657/3456
f 126/92/3457 640/93/3458 655/75/3459
f 126/92/3460 655/75/3461 416/83/3462
f 334/66/3463 638/65/3464 655/75/3465
f 334/66/3466 655/75/3467 640/93/3468
f 272/39/3469 416/83/3470 655/75/3471
f 272/39/3472 655/75/3473 638/65/3474
f 246/766/3475 245/772/3476 656/759/3477
f 246/766/3478 656/759/3479 419/762/3480
f 244/76/3481 318/130/3482 656/119/3483
f 244/76/3484 656/119/3485 245/107/3486
f 300/749/3487 419/762/3488 656/759/3489
f 300/749/3490 656/759/3491 318/756/3492
f 312/71/3493 311/60/3494 657/53/3495
f 312/71/3496 657/53/3497 426/70/3498
f 287/20/3499 591/46/3500 657/53/3501
f 287/20/3502 657/53/3503 311/60/3504
f 151/45/3505 426/70/3506 657/53/3507
f 151/45/3508 657/53/3509 591/46/3510
f 177/730/3511 596/727/3512 658/723/3513
f 177/730/3514 658/723/3515 434/729/3516
f 396/716/3517 493/721/3518 658/723/3519
f 396/716/3520 658/723/3521 596/727/3522
f 437/720/3523 434/729/3524 658/723/3525
f 437/720/3526 658/723/3527 493/721/3528
f 439/426/3529 442/442/3530 659/443/3531
f 439/426/3532 659/443/3533 449/438/3534
f 112/447/3535 415/450/3536 659/443/3537
f 112/447/3538 659/443/3539 442/442/3540
f 376/439/3541 449/438/3542 659/443/3543
f 376/439/3544 659/443/3545 415/450/3546
f 156/795/3547 231/833/3548 660/824/3549
f 156/795/3550 660/824/3551 464/814/3552
f 14/839/3553 571/840/3554 660/824/3555
f 14/839/3556 660/824/3557 231/833/3558
f 54/815/3559 464/814/3560 660/824/3561
f 54/815/3562 660/824/3563 571/840/3564
f 439/426/3565 451/427/3566 661/420/3567
f 439/426/3568 661/420/3569 472/423/3570
f 98/421/3571 97/419/3572 661/420/3573
f 98/421/3574 661/420/3575 451/427/3576
f 73/399/3577 472/423/3578 661/420/3579
f 73/399/3580 661/420/3581 97/419/3582
f 186/572/3583 652/596/3584 662/592/3585
f 186/572/3586 662/592/3587 475/586/3588
f 246/600/3589 421/601/3590 662/592/3591
f 246/600/3592 662/592/3593 652/596/3594
f 281/587/3595 475/586/3596 662/592/3597
f 281/587/3598 662/592/3599 421/601/3600
f 247/387/3601 250/392/3602 663/394/3603
f 247/387/3604 663/394/3605 479/398/3606
f 33/379/3607 346/396/3608 663/394/3609
f 33/379/3610 663/394/3611 250/392/3612
f 345/481/3613 479/494/3614 663/491/3615
f 345/481/3616 663/491/3617 346/485/3618
f 119/317/3619 118/337/3620 664/325/3621
f 119/317/3622 664/325/3623 495/318/3624
f 117/332/3625 254/326/3626 664/325/3627
f 117/332/3628 664/325/3629 118/337/3630
f 125/279/3631 495/318/3632 664/325/3633
f 125/279/3634 664/325/3635 254/326/3636
f 63/168/3637 60/165/3638 665/167/3639
f 63/168/3640 665/167/3641 498/171/3642
f 59/154/3643 538/166/3644 665/167/3645
f 59/154/3646 665/167/3647 60/165/3648
f 501/169/3649 498/171/3650 665/167/3651
f 501/169/3652 665/167/3653 538/166/3654
f 487/489/3655 485/496/3656 666/502/3657
f 487/489/3658 666/502/3659 504/510/3660
f 53/487/3661 667/509/3662 666/502/3663
f 53/487/3664 666/502/3665 485/496/3666
f 507/179/3667 504/183/3668 666/182/3669
f 507/179/3670 666/182/3671 667/181/3672
f 507/179/3673 667/181/3674 668/180/3675
f 507/179/3676 668/180/3677 510/177/3678
f 53/487/3679 406/519/3680 668/520/3681
f 53/487/3682 668/520/3683 667/509/3684
f 63/526/3685 510/537/3686 668/520/3687
f 63/526/3688 668/520/3689 406/519/3690
f 513/695/3691 669/696/3692 670/697/3693
f 513/152/3694 670/159/3695 514/155/3696
f 539/162/3697 671/160/3698 670/159/3699
f 539/698/3700 670/697/3701 669/696/3702
f 161/142/3703 514/155/3704 670/159/3705
f 161/142/3706 670/159/3707 671/160/3708
f 157/104/3709 458/103/3710 672/114/3711
f 157/104/3712 672/114/3713 517/135/3714
f 368/81/3715 673/125/3716 672/114/3717
f 368/81/3718 672/114/3719 458/103/3720
f 519/134/3721 517/135/3722 672/114/3723
f 519/134/3724 672/114/3725 673/125/3726
f 521/699/3727 674/700/3728 675/701/3729
f 521/113/3730 675/133/3731 522/124/3732
f 519/134/3733 673/125/3734 675/133/3735
f 519/702/3736 675/701/3737 674/700/3738
f 368/81/3739 522/124/3740 675/133/3741
f 368/81/3742 675/133/3743 673/125/3744
f 386/860/3745 384/865/3746 676/868/3747
f 386/860/3748 676/868/3749 525/870/3750
f 208/558/3751 563/560/3752 676/561/3753
f 208/858/3754 676/868/3755 384/865/3756
f 528/208/3757 525/213/3758 676/212/3759
f 528/208/3760 676/212/3761 563/211/3762
f 521/113/3763 524/101/3764 677/88/3765
f 521/113/3766 677/88/3767 531/112/3768
f 307/62/3769 310/80/3770 677/88/3771
f 307/62/3772 677/88/3773 524/101/3774
f 312/71/3775 531/112/3776 677/88/3777
f 312/71/3778 677/88/3779 310/80/3780
f 59/154/3781 423/153/3782 678/156/3783
f 59/154/3784 678/156/3785 536/163/3786
f 161/142/3787 671/160/3788 678/156/3789
f 161/142/3790 678/156/3791 423/153/3792
f 539/162/3793 536/163/3794 678/156/3795
f 539/162/3796 678/156/3797 671/160/3798
f 535/687/3799 534/688/3800 679/689/3801
f 535/139/3802 679/111/3803 541/132/3804
f 312/71/3805 428/100/3806 679/111/3807
f 312/71/3808 679/111/3809 534/122/3810
f 355/99/3811 541/132/3812 679/111/3813
f 355/99/3814 679/111/3815 428/100/3816
f 487/489/3817 506/522/3818 680/511/3819
f 487/489/3820 680/511/3821 546/503/3822
f 509/186/3823 681/189/3824 680/188/3825
f 509/186/3826 680/188/3827 506/187/3828
f 549/190/3829 546/191/3830 680/188/3831
f 549/190/3832 680/188/3833 681/189/3834
f 388/514/3835 560/527/3836 682/533/3837
f 388/514/3838 682/533/3839 551/538/3840
f 559/196/3841 683/201/3842 682/200/3843
f 559/196/3844 682/200/3845 560/199/3846
f 553/202/3847 551/203/3848 682/200/3849
f 553/202/3850 682/200/3851 683/201/3852
f 530/217/3853 684/222/3854 685/221/3855
f 530/217/3856 685/221/3857 555/220/3858
f 545/224/3859 544/145/3860 685/221/3861
f 545/224/3862 685/221/3863 684/222/3864
f 355/99/3865 555/220/3866 685/221/3867
f 355/879/3868 685/880/3869 544/881/3870
f 345/481/3871 550/497/3872 686/504/3873
f 345/481/3874 686/504/3875 557/512/3876
f 549/190/3877 687/195/3878 686/194/3879
f 549/190/3880 686/194/3881 550/193/3882
f 559/196/3883 557/197/3884 686/194/3885
f 559/196/3886 686/194/3887 687/195/3888
f 206/546/3889 554/549/3890 688/551/3891
f 206/546/3892 688/551/3893 561/554/3894
f 553/202/3895 689/207/3896 688/206/3897
f 553/202/3898 688/206/3899 554/205/3900
f 528/208/3901 561/209/3902 688/206/3903
f 528/208/3904 688/206/3905 689/207/3906
f 191/535/3907 588/544/3908 690/540/3909
f 191/535/3910 690/540/3911 564/528/3912
f 145/368/3913 615/388/3914 690/389/3915
f 145/368/3916 690/389/3917 588/385/3918
f 247/387/3919 564/397/3920 690/389/3921
f 247/387/3922 690/389/3923 615/388/3924
